,Data_Frame_Name,No_Trade,Winning_Ratio,Profit_Average,Loss_Average,Payoff_Ratio,Profit_Factor,MDD,MDD(portfolio),Max_Holding_Period,Mean_Holding_Period,Max_Profit,Max_Profit_Return,Max_Loss,Max_Loss_Return,Max_Cum_Profit,Max_Cum_Profit_Return,Max_Cum_Loss,Max_Cum_Loss_Return,Last_Cumulative,Last_Cumulative_Return,Max_Portfolio_Profit,Max_Portfolio_Profit_Return,Max_Portfolio_Loss,Max_Portfolio_Loss_Return
0,IXIC_LSTM_1day_5,5,0.8,786.3425290000005,-436.4902350000002,1.8015123041641472,7.206049216656589,-4.505194275904778,-21.275892098517325,26,9.767857142857142,1702.6904290000002,15.222178291414206,-436.4902350000002,-5.095327498609863,1006.1894520000014,10.850275083307373,-21.291016999998646,-0.22959234048237537,1006.1894520000014,10.850275083307373,1106.479491000001,11.931755821455301,-1290.6113289999985,-13.917347192865304
1,IXIC_LSTM_1day_20,5,0.8,907.25488275,-186.9003900000007,4.854216102759318,19.41686441103727,-1.867732054596527,-23.923247154555625,41,16.015873015873016,1727.70996,15.480480939110592,-186.9003900000007,-1.5955477406972234,1714.409180999999,20.01091534026461,343.6494139999995,4.011142384500295,1714.409180999999,20.01091534026461,1987.1992199999986,23.194973403295055,-1706.7001950000003,-19.920934565596056
2,IXIC_LSTM_1day_60,4,1.0,1039.7878417500006,,0.0,-inf,0.0,-5.60381811205215,54,22.897058823529413,2833.6005860000005,40.5388485178574,63.41015599999992,0.5360436322969756,3307.661133000001,47.320985985669765,2833.6005860000005,40.5388485178574,3307.661133000001,47.320985985669765,3442.990234000001,49.25706898642928,-129.16992200000004,-1.8479668330437935
3,IXIC_LSTM_1day_120,2,1.0,4748.165039,,0.0,-inf,0.0,-11.806554382817946,155,78.0,5470.420410000001,73.74661305326416,4025.909668,54.27319661404071,4025.909668,54.2731966140407,4025.909668,54.2731966140407,4025.909668,54.2731966140407,4638.580567000001,62.53259906050616,-57.27978499999972,-0.7721874780313536
4,IXIC_VIT_1day_5,34,0.6764705882352942,299.7817807826088,-306.0509590000001,0.9795159007575882,2.048078701584048,-19.22207985930794,-23.422381521803924,16,3.864864864864865,974.9101570000004,10.983233378797298,-880.0498049999997,-11.066955396162784,3411.2504880000006,37.8155153645949,-1302.4794930000016,-14.438673868387978,3411.2504880000006,37.8155153645949,3579.8608400000003,39.68465026955582,-1637.9594730000017,-18.15764683235872
5,IXIC_VIT_1day_20,27,0.7777777777777778,446.65343661904774,-666.6385091666665,0.670008453573119,2.3450295875059166,-35.840622134407106,-39.19766704725988,21,6.2023809523809526,935.5205079999996,11.56489974605979,-1341.7797849999988,-14.988318996297966,5256.360841000004,58.269539233171265,-2874.160156,-31.861585046851143,5256.360841000004,58.269539233171265,5391.030763000003,59.762426525515934,-3164.070312,-35.07539241665169
6,IXIC_VIT_1day_60,24,0.625,529.4027016666669,-311.57579222222216,1.6991137144861568,2.8318561908102615,-20.788119552807018,-22.81746014166067,38,9.673684210526316,1256.0800789999994,14.104477255602198,-972.5600589999996,-12.350157379537004,5013.328122000004,55.138837671705076,-1506.3618170000027,-16.567644822194982,5013.328122000004,55.138837671705076,5147.998044000004,56.61999804814914,-1635.5317390000027,-17.988313724748973
7,IXIC_VIT_1day_120,21,0.7619047619047619,369.5026854375002,-264.71191419999997,1.3958672262795349,4.466775124094512,-10.13489799999434,-29.617820508581218,42,11.010471204188482,762.6396489999988,7.770872490734925,-981.9296880000002,-10.095966793380056,4508.123045000002,49.58236499452643,-385.520509,-4.240127964411761,4508.123045000002,49.58236499452643,4599.623045000002,50.58872315106143,-2208.940431,-24.29492043756061
8,IXIC_Fusion_soft_1day_lgb,24,0.75,363.3283690555555,-316.913493,1.146459135002988,3.439377405008964,-12.424277482092084,-18.38363918453695,22,6.642424242424243,850.7402340000008,10.943156582379608,-608.5502930000002,-7.10385432152907,4620.149411999999,50.81448136805026,-869.8110370000013,-9.566573024361977,4620.149411999999,50.81448136805026,4638.429684999999,51.015536032938094,-1060.7412120000017,-11.666508969060404
9,IXIC_Fusion_soft_1day_SVM,13,0.7692307692307693,564.8859375999998,-760.5099279999995,0.7427726013854222,2.4759086712847407,-17.603983705440506,-29.217007258121985,46,15.139013452914797,1311.9101569999991,16.57867217733705,-1662.0395499999995,-18.18561388330344,3349.049318999999,36.83435080670653,-1312.9604479999998,-14.440529574345923,3349.049318999999,36.83435080670653,3367.329591999999,37.03540547159436,-1929.5605459999997,-21.222174797762122
10,IXIC_Fusion_soft_1day_xgb,21,0.7619047619047619,363.80682362500005,-285.2417970000004,1.2754330797635507,4.081385855243362,-13.863290461970868,-28.58126763639891,35,10.71875,936.5703119999998,7.900233687370258,-832.5595709999998,-8.693695611508533,4311.150388999999,47.791381590945996,-1135.7890620000026,-12.590822302873914,4311.150388999999,47.791381590945996,4311.150388999999,47.791381590945996,-2405.1093740000024,-26.66190911689752
11,IXIC_Fusion_hard_1day_lgb,11,0.7272727272727273,713.7423096249997,-655.629882999999,1.0886360248850964,2.9030293996935903,-15.111014867225292,-33.45117031739432,139,45.92173913043478,2406.080077999999,28.08423174371421,-1456.2197269999997,-14.972503823162713,3724.768555000001,40.96667996206939,-911.6005859999988,-10.026193281127732,3724.768555000001,40.96667996206939,3743.0488280000013,41.16773462695723,-2618.300780999999,-28.79724969640785
12,IXIC_Fusion_hard_1day_SVM,12,0.6666666666666666,495.6888427500003,-349.19750999999997,1.4195085261346805,2.839017052269361,-8.627628689030885,-15.37539024415583,72,23.56953642384106,1357.640625,14.118838513978602,-468.42968800000017,-4.674899687511277,2263.209960000002,24.891801127838914,-784.4404300000006,-8.627628689030885,2263.209960000002,24.891801127838914,2579.860351000001,28.37446455683178,-784.4404300000006,-8.627628689030885
13,IXIC_Fusion_hard_1day_xgb,21,0.7142857142857143,444.4554686666669,-454.01481133333317,0.9789448660527335,2.4473621651318336,-17.159617369386314,-33.40313205399554,30,8.49238578680203,912.980469,8.665120670212666,-1442.229492999999,-14.850020475151332,3924.462889000004,43.26159935604891,-1088.299804999997,-11.996951296225133,3924.462889000004,43.26159935604891,3942.7431620000043,43.463113262286086,-2583.5898439999974,-28.48038875453988
14,IXIC_LSTM_5day_5,9,0.5555555555555556,718.3339840000004,-536.7698972499998,1.3382531093494565,1.6728163866868206,-18.304508299085143,-22.115977525144224,26,8.035714285714286,1930.6699210000008,17.619443099175466,-1488.3403319999998,-16.60054668411938,363.7197260000012,3.876051354398947,-1420.510253999997,-15.137949086528957,-486.0795899999976,-5.18000349853219,416.19921800000157,4.435309463058056,-1751.1596679999966,-18.661580106106683
15,IXIC_LSTM_5day_20,6,1.0,689.2535806666662,,0.0,-inf,0.0,-12.879053091202552,38,15.268041237113403,1180.0302730000003,14.984739964699733,161.9902349999993,1.7069805276872292,3151.9511719999973,40.025387292627954,1180.0302730000003,14.984739964699731,3151.9511719999973,40.025387292627954,3168.331054999997,40.23338897955349,-1014.2099609999996,-12.879053091202556
16,IXIC_LSTM_5day_60,3,1.0,658.9169923333326,,0.0,-inf,0.0,-5.265476361484511,18,8.818181818181818,714.9501949999994,7.741887928216619,579.3701179999989,4.746659483439805,1294.3203129999984,14.015637559844643,714.9501949999994,7.741887928216619,1294.3203129999984,14.015637559844643,1294.3203129999984,14.015637559844643,-49.730469000000085,-0.5385098434942756
17,IXIC_LSTM_5day_120,2,1.0,1860.9702149999994,,0.0,-inf,0.0,-3.7513400728710344,39,20.0,2756.910156,27.21162216129114,965.0302739999988,9.525170464167722,965.0302739999988,9.525170464167722,965.0302739999988,9.525170464167722,965.0302739999988,9.525170464167722,1079.4697269999997,10.654726009749622,-374.1503900000007,-3.6929890595171577
18,IXIC_VIT_5day_5,14,0.7142857142857143,619.1341794000001,-651.4472659999999,0.950398001056313,2.3759950026407823,-21.53895095063242,-30.916102714407188,43,14.96788990825688,1418.4003899999998,19.208326144065595,-935.2197269999996,-11.066955396162784,2577.9023400000005,28.417692144495877,-1953.899414999999,-21.538950950632422,2577.9023400000005,28.417692144495877,3596.692379,39.64839752807566,-2289.379394999999,-25.23713867650323
19,IXIC_VIT_5day_20,19,0.7894736842105263,525.8888671333333,-813.1074220000003,0.6467643178558184,2.4253661919593195,-23.049893764708575,-29.668295137351876,51,11.863414634146341,1248.1699209999997,18.143270422519965,-2095.740235,-23.049893764708575,4555.542967999998,50.10391063707623,-2095.740235,-23.049893764708578,4555.542967999998,50.10391063707623,4647.042967999998,51.11026879361123,-2187.6005860000005,-24.060215223626816
20,IXIC_VIT_5day_60,24,0.625,424.41725240000017,-206.33680555555617,2.0569149127673487,3.4281915212789142,-13.37970436337711,-17.205856944891085,39,8.982954545454545,1779.7998040000002,15.911541803534776,-1096.1801759999998,-13.136952703957814,4471.166989999996,49.17590567886946,-965.4311530000032,-10.618246069885748,4471.166989999996,49.17590567886946,4509.227535999997,49.59451268334243,-1308.9111330000032,-14.395993386601374
21,IXIC_VIT_5day_120,28,0.7142857142857143,259.15217284999983,-137.3023070000006,1.8874567988868438,4.718641997217109,-4.016046930352013,-8.150655304113974,14,3.836734693877551,767.1098629999997,10.421866957100438,-483.8105460000006,-4.189459681985332,4066.344727999991,44.83992745308358,82.36035199999787,0.9081945717147127,4066.344727999991,44.83992745308358,4084.6250009999912,45.041505570526105,-65.62890600000173,-0.7236955006794806
22,IXIC_Fusion_soft_5day_lgb,10,0.8,735.3702389999999,-1029.6850580000005,0.7141700593658605,2.856680237463442,-14.408585841137578,-22.161158275221236,69,21.38918918918919,2290.0400389999995,23.470210808751624,-1397.3203120000007,-15.559007898243909,2561.000974999998,28.167040656670427,-791.6796890000014,-8.707249315718538,1898.9511709999977,20.885519123470424,3834.7314449999967,42.17610128739898,-1514.469728000001,-16.65681927429671
23,IXIC_Fusion_soft_5day_SVM,24,0.6666666666666666,388.38766481249985,-348.8912963749998,1.1132053704058242,2.2264107408116485,-19.61308394003628,-27.071077434926284,26,6.864705882352941,975.5107430000008,8.938520349323579,-1663.010253999999,-17.933122521205707,3358.7031260000003,36.94052771835752,-1695.130859,-18.64381165408565,3339.522461999999,36.72957014825743,3477.242188,38.24427364088985,-2046.4111320000002,-22.507350101773003
24,IXIC_Fusion_soft_5day_xgb,8,0.75,824.8286130000002,-703.1552740000001,1.1730390761457905,3.5191172284373717,-14.833631254271717,-23.02436549975916,77,24.282608695652176,2452.520507000001,27.421705753995628,-1382.150391,-15.416132719750392,2553.720701000001,28.086968928564342,-1156.6601579999997,-12.721468681337328,2553.720701000001,28.086968928564342,3553.800779,39.08629946062403,-1879.4501969999992,-20.671038639915498
25,IXIC_Fusion_hard_5day_lgb,8,0.875,595.2830637142854,-37.280274000000645,15.967775980248296,111.77443186173808,-0.41002522205202396,-30.115673339603642,87,29.93103448275862,1061.1201169999986,11.78688416042591,-37.280274000000645,-0.4100252220520269,3836.480468999997,42.19533784005882,-37.280274000000645,-0.4100252220520269,3836.480468999997,42.19533784005882,4140.840820999996,45.54282989209231,-2231.5205080000005,-24.54326628088453
26,IXIC_Fusion_hard_5day_SVM,4,1.0,737.9575192499997,,0.0,-inf,0.0,-30.115673339603642,133,52.45575221238938,1351.6796869999998,14.866381180711803,132.640625,1.0398586716174376,2819.1894519999987,31.006713659427813,1351.6796869999998,14.866381180711805,2819.1894519999987,31.006713659427813,2962.9697259999975,32.58807378498778,-2231.5205080000005,-24.54326628088453
27,IXIC_Fusion_hard_5day_xgb,8,0.875,615.1674108571424,-37.280274000000645,16.501150470544605,115.50805329381222,-0.41002522205202396,-30.115673339603642,87,29.793991416309012,989.3408209999998,10.449925691913446,-37.280274000000645,-0.4100252220520269,3975.670898999995,43.72621679680322,-37.280274000000645,-0.4100252220520269,3975.670898999995,43.72621679680322,4280.031250999995,47.07370884883671,-2231.5205080000005,-24.54326628088453
28,US500_LSTM_1day_5,7,0.7142857142857143,188.57402359999998,-278.589966,0.6768873492019449,1.6922183730048626,-16.184193805007972,-26.739036812441885,26,9.596153846153847,486.110107,14.865934531239356,-538.109864,-17.267090527045294,41.25,1.2562202269867708,-496.859864,-15.13128269417445,-100.41992100000016,-3.058170568548213,54.98022399999991,1.6743580478318396,-837.7399909999999,-25.512385979391883
29,US500_LSTM_1day_20,4,0.75,140.36336233333336,-198.27001900000005,0.7079404291242506,2.1238212873727518,-6.601584595842203,-28.520318122986588,27,11.45,183.41015599999992,5.133714389773127,-198.27001900000005,-6.601584595842207,39.40991200000008,1.3121896557779489,-198.27001900000005,-6.601584595842207,39.40991200000008,1.3121896557779489,126.75,4.220259077712599,-765.9702149999998,-25.503690359851838
30,US500_LSTM_1day_60,3,1.0,90.65332000000005,,0.0,-inf,0.0,-7.1244436043656485,24,10.567567567567568,160.48999000000003,5.433137596648548,24.40991200000008,0.6652996839329985,184.8999020000001,6.259496989019891,160.48999000000003,5.433137596648548,184.8999020000001,6.259496989019891,278.47998099999995,9.427504199390084,-30.969970999999987,-1.0484399295383786
31,US500_LSTM_1day_120,2,1.0,1030.6251224999999,,0.0,-inf,0.0,-11.536897022634484,123,62.0,1226.880127,48.5088172743132,834.3701179999998,32.9896187104913,834.3701179999998,32.9896187104913,834.3701179999998,32.9896187104913,834.3701179999998,32.9896187104913,1051.6501469999998,41.58051279391831,-291.790039,-11.53689702263449
32,US500_VIT_1day_5,33,0.6666666666666666,82.27226127272728,-122.90449663636367,0.6693999285977746,1.3387998571955493,-26.979222317457552,-27.062064951645347,25,5.0125,261.030029,10.099474969432755,-515.3498530000002,-17.042330967379492,411.38012899999967,12.627349835787308,-821.2194820000004,-25.20740541451396,411.38012899999967,12.627349835787308,458.0402849999996,14.059587495483337,-821.2194820000004,-25.20740541451396
33,US500_VIT_1day_20,25,0.64,108.81127924999998,-156.63894333333326,0.6946630061111029,1.2349564553086272,-25.13476108685193,-30.274303432841332,26,6.573770491803279,328.1301269999999,10.204225577536713,-843.5,-25.16340485655826,351.1801740000001,10.724041263467807,-762.2897950000001,-23.27815697335014,238.61987100000036,7.286770530751456,351.1801740000001,10.724041263467807,-911.0197760000001,-27.81994654874565
34,US500_VIT_1day_60,30,0.6666666666666666,61.32299805,-125.22502479999994,0.48970242288185223,0.9794048457637045,-28.332971779811977,-31.796481830361188,26,7.149425287356322,191.05981500000007,5.5490313584084605,-445.72998000000007,-15.46476107364618,144.97021499999985,4.449873709321289,-819.1499039999999,-25.14387953278997,-79.61035499999934,-2.4436469636485816,160.830078,4.936693621929808,-926.1899429999999,-28.429483098948893
35,US500_VIT_1day_120,21,0.6666666666666666,103.3471155714286,-104.74710542857143,0.9866345723691858,1.9732691447383717,-12.83629633349097,-24.390968386160562,38,10.03061224489796,253.109864,7.646569323018595,-184.16992200000004,-5.222234333369904,624.2797830000004,19.162323747898867,-321.2700219999997,-9.861412045852815,624.2797830000004,19.162323747898867,713.6298800000004,21.90493296294078,-698.5600609999997,-21.44236352153977
36,US500_Fusion_soft_1day_lgb,15,0.6,117.65885411111114,-74.51501466666666,1.5789952486414034,2.368492872962105,-4.776650992560983,-27.247251912251702,59,16.802816901408452,345.969971,10.451917302338847,-158.26000999999997,-5.059123651323223,550.3896480000003,16.89425944852053,-102.90991299999996,-3.15882897936822,550.3896480000003,16.89425944852053,611.8395990000004,18.78047118790425,-835.4599619999999,-25.644518221169548
37,US500_Fusion_soft_1day_SVM,9,0.6666666666666666,231.62337233333332,-326.9900716666666,0.7083498625898648,1.4166997251797295,-27.008785488519614,-30.22700122146429,86,25.844827586206897,813.1501469999998,32.17975299917518,-897.6801759999998,-26.960438261912383,288.10986300000013,8.84355800093047,-831.8703619999997,-25.534335128270218,288.10986300000013,8.84355800093047,408.77001900000005,12.547232276001424,-899.3903819999996,-27.60686817825464
38,US500_Fusion_soft_1day_xgb,16,0.5625,100.07104488888893,-111.00857999999997,0.901471263652674,1.1590344818391525,-16.765927984826035,-37.9276930298802,56,14.786069651741293,222.969971,7.008134343237395,-420.8500979999999,-12.608796284922477,100.32983400000012,3.07963322381201,-462.7001949999999,-14.202623849515126,62.12939300000062,1.9070672723137867,123.57934400000067,3.7932790116975075,-1173.3503419999997,-36.01609364164182
39,US500_Fusion_hard_1day_lgb,16,0.5625,167.65776900000003,-145.97004057142854,1.1485765732726427,1.4767413084933978,-21.409824854378556,-28.779877241240936,79,23.670103092783506,424.22998000000007,17.558567032958106,-515.3498530000002,-17.042330967379492,271.85986200000025,8.344762767534808,-697.5,-21.409824854378552,62.89965700000039,1.9307105946530383,487.12963700000046,14.952487755622956,-846.229981,-25.97510491718149
40,US500_Fusion_hard_1day_SVM,12,0.75,88.16444222222223,-176.09000699999993,0.5006782822276921,1.502034846683076,-16.185522173770682,-20.934095758174152,66,20.954545454545453,216.0397950000001,6.92910482144349,-444.3701179999998,-13.63998049734699,204.0598130000003,6.263634202361643,-527.3000499999998,-16.185522173770682,204.0598130000003,6.263634202361643,290.50976500000024,8.917223207364412,-580.5600589999999,-17.820342911308497
41,US500_Fusion_hard_1day_xgb,17,0.5882352941176471,166.7729981,-133.98709571428572,1.244694477560936,1.7781349679441945,-21.266166464360147,-28.740153970269276,44,14.92056074766355,418.9702149999998,17.558567032958106,-515.3498530000002,-17.042330967379492,683.160155,20.969662030165026,-692.819825,-21.266166464360143,683.160155,20.969662030165026,729.820311,22.40189968986105,-841.549806,-25.83144652716308
42,US500_LSTM_5day_5,12,0.5833333333333334,103.148577,-187.73598679999995,0.5494342281316947,0.7692079193843726,-23.080556513684016,-29.868472788154655,22,6.473684210526316,292.709961,8.951484559171336,-495.679932,-16.77870764079267,-15.989990999999918,-0.49081420320155933,-751.9299329999999,-23.080556513684012,-303.6999529999998,-9.322097207187088,-10.000000999999884,-0.3069509246646708,-973.0700699999998,-29.868472788154655
43,US500_LSTM_5day_20,7,0.5714285714285714,108.46502674999999,-121.83333366666663,0.8902738149376915,1.1870317532502555,-10.335704621376674,-11.490675724664822,18,6.021739130434782,194.34985300000017,7.101976525631962,-262.05004899999994,-7.851098764137516,-60.80004999999983,-1.821587896037745,-344.97998099999995,-10.335704621376674,-60.80004999999983,-1.821587896037745,104.06982400000015,3.117963418470531,-383.530029,-11.49067572466482
44,US500_LSTM_5day_60,3,1.0,527.4665526666668,,0.0,-inf,0.0,-7.138321261315261,60,25.630434782608695,732.8999020000001,30.5616893394581,403.53979500000014,12.19112905478948,1136.4396970000005,47.38916853169657,732.8999020000001,30.5616893394581,1136.4396970000005,47.38916853169657,1136.4396970000005,47.38916853169657,-160.70019599999978,-6.7011463005244325
45,US500_LSTM_5day_120,2,0.5,382.640136,-16.050048999999944,23.840434132008028,23.840434132008028,-0.475778342029598,-6.953675502975997,23,12.0,382.640136,11.342762224592724,-16.050048999999944,-0.4757783420296024,-16.050048999999944,-0.47577834202960245,-16.050048999999944,-0.47577834202960245,-16.050048999999944,-0.47577834202960245,207.41015599999992,6.148346347215607,-41.589844000000085,-1.2328652095448378
46,US500_VIT_5day_5,17,0.7647058823529411,139.0207330769231,-296.20745850000003,0.46933569391171526,1.5253410052130747,-29.557762010409594,-29.841631150571736,36,10.94811320754717,592.550049,26.483868550737068,-494.780029,-16.474161016632372,598.4096670000004,18.36823822456918,-898.8100589999999,-27.589055111890538,598.4096670000004,18.36823822456918,622.4396960000004,19.10584211293568,-898.8100589999999,-27.589055111890538
47,US500_VIT_5day_20,10,0.8,151.71252462499996,-340.24011299999984,0.4458984077077356,1.7835936308309424,-20.887401369932512,-35.02709872056927,66,19.978070175438596,333.8698730000001,12.917710802580473,-340.9501959999998,-11.493051747431975,398.77978600000006,12.240581180969981,-680.4802259999997,-20.887401369932512,398.77978600000006,12.240581180969981,533.219971,16.367234678088618,-1057.7702649999997,-32.46835284561947
48,US500_VIT_5day_60,29,0.6206896551724138,114.85279677777777,-123.62455618181816,0.9290451697060936,1.520255732246335,-23.750204037572175,-24.071238996495648,48,10.069182389937106,320.5100090000001,11.65103188602892,-266.2302239999999,-8.505431550504294,463.52026399999977,14.227795940781796,-760.1201169999999,-23.33195494374155,386.9702149999998,11.878085343385244,707.4802239999999,21.71616872226022,-760.1201169999999,-23.33195494374155
49,US500_VIT_5day_120,24,0.7083333333333334,48.92470423529411,-85.25142985714287,0.5738871983411655,1.3937260531142592,-7.56793782538705,-14.108766475127855,10,3.5157894736842104,104.79003899999998,3.3800076019274656,-217.280029,-6.6544418001178745,226.649903,6.921241835631004,-38.33007700000008,-1.170491268621272,205.92993399999975,6.288513057115801,360.56030299999975,11.01048365942336,-152.33007700000007,-4.651726242994654
50,US500_Fusion_soft_5day_lgb,12,0.6666666666666666,150.17501825,-186.10498074999998,0.8069371257276251,1.6138742514552502,-15.557654159533529,-30.672810288040854,60,17.029556650246306,509.25,17.782938461208918,-389.5600589999999,-12.45313018808586,367.630126,11.284439582585117,-413.5700689999999,-12.694570239861292,367.630126,11.284439582585117,456.980223,14.027048797627032,-911.7001959999998,-27.984719019444576
51,US500_Fusion_soft_5day_SVM,19,0.5789473684210527,112.53000709090908,-165.516265875,0.6798727997881078,0.9348250997086482,-26.347710325980067,-37.28200119669839,47,14.164948453608247,486.459961,19.233824756066436,-858.0,-26.12938072132484,31.23974700000008,0.9623244674188912,-847.830078,-26.11697297910463,-139.31005800000003,-4.291375258927179,133.34985499999993,4.107774246483526,-1139.620117,-35.10541625551183
52,US500_Fusion_soft_5day_xgb,19,0.7368421052631579,92.72075535714283,-216.90200239999996,0.42747763658793614,1.1969373824462213,-27.09043080940058,-30.318736588934826,26,9.914438502673796,220.8999020000001,7.008134343237395,-771.9499519999999,-24.77064739986307,189.550534,5.818270586371222,-818.8498549999999,-25.1346695019115,189.550534,5.818270586371222,213.580563,6.5558744747377276,-925.8898939999999,-28.420273068070422
53,US500_Fusion_hard_5day_lgb,25,0.64,96.42128012499995,-106.04554566666668,0.9092440377277258,1.6164338448492903,-18.932745321928568,-25.996118104963895,32,9.042553191489361,452.429932,13.83594714907887,-532.300049,-15.909594904214186,567.620609999999,17.423165367506087,-602.1596680000002,-18.48334484050286,567.620609999999,17.423165367506087,588.330570999999,18.05885947180861,-823.2998050000001,-25.271261114973502
54,US500_Fusion_hard_5day_SVM,13,0.6923076923076923,116.71782755555553,-234.607483,0.49750257776541396,1.1193807999721814,-24.558529518935522,-33.924960006097216,55,15.797029702970297,285.0,8.83794927846951,-800.080078,-24.55852951893553,56.140135999999984,1.7232264932774077,-800.080078,-24.558529518935526,50.58056499999975,1.5525749644236624,128.29980400000022,3.93817395339226,-1020.4501959999998,-31.322809991363815
55,US500_Fusion_hard_5day_xgb,23,0.6521739130434783,102.78401706666664,-113.44879137499998,0.9059948177580719,1.698740283296385,-17.826830704178665,-25.55939678644583,32,9.76842105263158,452.429932,14.713148209456772,-493.860107,-14.708066621993892,613.4599639999997,18.83020843643493,-563.3999010000002,-17.293610327432575,613.4599639999997,18.83020843643493,634.1699249999997,19.465902540737456,-806.6398920000001,-24.75988359609295
56,KS11_LSTM_1day_5,8,0.75,154.08327250000002,-162.91998349999994,0.945760422937927,2.837281268813781,-14.638243184830701,-25.519592652143697,14,4.675,516.149903,21.89562249126028,-214.73999099999992,-11.253123968273629,106.93994100000008,5.046693526473717,-218.9000259999998,-10.330296929555317,82.50976500000024,3.893788354496742,115.42993100000011,5.447351850876822,-454.79003999999986,-21.46238280393965
57,KS11_LSTM_1day_20,5,0.8,113.70996124999999,-194.52001900000005,0.5845668833190889,2.3382675332763556,-8.941229097737601,-13.475797949057233,40,14.26126126126126,192.73999000000003,11.305989633109707,-194.52001900000005,-8.941229097737606,132.28979600000002,6.080779651419692,-194.52001900000005,-8.941229097737606,132.28979600000002,6.080779651419692,260.3198259999999,11.96575660908808,-213.820068,-9.828367401515795
58,KS11_LSTM_1day_60,2,1.0,636.2650145,,0.0,-inf,0.0,-23.614582856570788,57,29.0,965.199951,50.57984147337808,307.330078,16.10516723414226,307.330078,16.105167234142264,307.330078,16.105167234142264,307.330078,16.105167234142264,307.330078,16.105167234142264,-450.630005,-23.61458285657079
59,KS11_LSTM_1day_120,3,1.0,701.3966473333334,,0.0,-inf,0.0,-9.490795148307418,117,51.27857142857143,1282.27002,80.58509675004382,10.45996100000002,0.4808801783348685,821.919922,37.78646963103787,10.45996100000002,0.4808801783348684,821.919922,37.78646963103787,856.790039,39.389568158988176,-123.09997500000009,-5.659326830283381
60,KS11_VIT_1day_5,37,0.7027027027027027,64.86423915384613,-99.78090609090908,0.6500666479691932,1.5365211679271842,-35.79604732024811,-37.60153912573478,11,3.8516129032258064,244.529908,12.623439551368582,-560.8400879999999,-27.234103653003604,522.2703869999996,23.99632413913263,-723.819825,-33.25674893956848,522.2703869999996,23.99632413913263,588.8802509999996,27.056792293547716,-764.6698000000001,-35.13364884730816
61,KS11_VIT_1day_20,24,0.625,64.07935393333331,-75.04778366666667,0.8538473863258786,1.4230789772097978,-25.86358888245821,-41.24599850038594,34,8.016304347826088,195.080078,7.671166906224526,-336.65002400000003,-16.34755047752962,219.1503919999996,10.075092974736325,-555.4598380000002,-25.536388324516384,219.1503919999996,10.075092974736325,285.76025599999963,13.137376216440696,-843.0698230000003,-38.75880290882398
62,KS11_VIT_1day_60,16,0.6875,112.39816018181818,-119.28403319999998,0.9422733048719399,2.073001270718268,-23.39497873320112,-35.915505740124985,79,21.113300492610836,397.8498540000001,16.070715020773118,-300.929932,-14.749876791594255,242.1097420000001,11.234425534232797,-420.7398670000002,-19.523256957972848,242.1097420000001,11.234425534232797,639.9595960000001,29.69553544929102,-702.3898910000003,-32.59243870673073
63,KS11_VIT_1day_120,12,0.5833333333333334,150.68861599999997,-74.60595680000006,2.0197933578408294,2.827710700977161,-9.039742551202867,-32.609542132539424,48,17.226244343891402,262.6301269999999,12.309941010086249,-125.18994100000008,-5.612427459816637,434.2304689999996,19.963059649185404,-196.62976100000012,-9.039742551202862,434.2304689999996,19.963059649185404,681.7905279999995,31.344242171807647,-647.2597660000001,-29.756744953739762
64,KS11_Fusion_soft_1day_lgb,20,0.9,72.6539037222222,-215.43487500000015,0.33724300080115693,3.0351870072104123,-17.047403290135698,-29.843196471496313,47,12.166666666666666,191.399903,10.814146658794716,-371.0299070000001,-17.047403290135694,782.0804479999993,35.933601445195585,-371.0299070000001,-17.047403290135694,782.0804479999993,35.933601445195585,876.9005169999991,40.29022048248923,-585.8298330000002,-26.91663726866052
65,KS11_Fusion_soft_1day_SVM,4,0.5,364.9150394999999,-16.369995000000017,22.291701341387064,22.291701341387064,-1.505169305113263,-35.630949555545946,114,43.86666666666667,429.889893,17.592625544396014,-18.89990200000011,-0.8688931291686053,267.2001959999998,12.284106786209954,-32.739990000000034,-1.5051693051132597,267.2001959999998,12.284106786209954,697.0900889999998,32.047615312694624,-712.5699460000001,-32.75927727728114
66,KS11_Fusion_soft_1day_xgb,19,0.5789473684210527,66.28457936363633,-53.07995600000004,1.248768543885686,1.717056747842818,-8.586029694792696,-33.890099219905025,47,15.804195804195805,250.36010799999983,11.772068403342857,-137.33007799999996,-6.668677327015662,190.8408219999992,8.855434671648885,-179.97973600000023,-8.351456348100522,190.8408219999992,8.855434671648885,304.4907249999992,14.129040606210081,-644.3397210000003,-29.89878290119708
67,KS11_Fusion_hard_1day_lgb,27,0.6666666666666666,69.92557788888887,-117.21447744444443,0.5965609318356698,1.1931218636713394,-38.34107292403376,-41.968789920172156,21,4.902255639097745,287.0900879999999,17.832015079242737,-561.5700689999999,-26.930457895272248,110.26000900000008,5.125249544514871,-756.8502199999998,-35.18089904492005,102.05017299999965,4.7436292399169995,203.73010499999964,9.470048454786667,-822.900146,-38.25111785060454
68,KS11_Fusion_hard_1day_SVM,11,0.8181818181818182,115.96999811111108,-298.2299190000001,0.3888610455314882,1.749874704891697,-26.59134496228842,-28.908531880959686,77,24.503030303030304,505.219971,21.333050606988284,-422.50988700000016,-18.964150658852976,67.89013699999987,3.1211417698152535,-528.5697010000004,-24.30015676724682,-57.949826000000485,-2.6641516790889352,447.2701449999995,20.56253814822654,-569.4196760000004,-26.17816981748428
69,KS11_Fusion_hard_1day_xgb,28,0.6785714285714286,80.33369531578946,-115.62447099999999,0.6947810841512042,1.466760066541431,-36.134645464365065,-38.39526974651597,30,7.0638297872340425,287.530029,17.859341116866087,-462.770141,-21.99885518043862,384.0400399999999,17.851450021970074,-706.9503169999998,-32.86138667192463,384.0400399999999,17.851450021970074,485.7199719999999,22.577869236839746,-747.8002919999999,-34.76022848829155
70,KS11_LSTM_5day_5,6,0.6666666666666666,103.49258424999994,-70.32495100000006,1.4716339333105237,2.9432678666210474,-6.219126437430377,-17.467349726649083,11,4.394736842105263,159.34008799999992,7.574529303026292,-135.219971,-7.371627473983203,172.03039599999966,7.6837706795367025,-117.95971700000018,-5.268693416546285,172.03039599999966,7.6837706795367025,273.32043499999963,12.207909726437057,-359.4296870000003,-16.053996006180572
71,KS11_LSTM_5day_20,5,0.6,154.71337899999995,-44.929931500000066,3.4434367877903336,5.165155181685501,-4.131165206503818,-21.49544909546811,32,12.976744186046512,326.05004899999994,12.799226628643751,-70.95996100000002,-3.4168425158602798,48.23022499999979,2.217308381850629,-89.85986300000013,-4.131165206503813,48.23022499999979,2.217308381850629,68.2602539999998,3.1381573140380987,-466.5498040000002,-21.448890005385067
72,KS11_LSTM_5day_60,3,0.6666666666666666,89.5800784999999,-230.209961,0.38912338158990395,0.7782467631798079,-10.263209853713507,-36.093994975816216,85,36.94059405940594,111.27001999999992,4.028311562300797,-230.209961,-10.153708722020069,67.89013699999987,3.1211417698152535,-162.31982400000015,-7.462397413566302,-162.31982400000015,-7.462397413566302,67.89013699999987,3.1211417698152535,-741.7198480000002,-34.09939795958618
73,KS11_LSTM_5day_120,3,1.0,646.8433436666666,,0.0,-inf,0.0,-6.544056323740211,67,28.268817204301076,1307.319947,83.47348127359221,70.55004899999994,3.2434270208706915,633.2100839999998,29.110833024841714,70.55004899999994,3.2434270208706915,633.2100839999998,29.110833024841714,700.089966,32.185529917418556,-56.29003899999998,-2.587845594529142
74,KS11_VIT_5day_5,17,0.5882352941176471,114.6619752,-79.9586007142857,1.4340167808803848,2.0485954012576926,-23.56164713291502,-28.01896081155585,35,12.502463054187192,284.47998099999995,16.567274379680143,-247.75,-13.985797331640947,498.5096440000002,22.90460899501014,-512.809816,-23.561647132915024,492.0894780000003,22.609626954676624,586.9095470000002,26.966245991970272,-544.46985,-25.016304446502975
75,KS11_VIT_5day_20,10,0.7,197.44998628571426,-239.47656300000003,0.8245065145924707,1.9238485340490985,-30.23670479018329,-36.7612680119087,47,15.758928571428571,504.830078,22.267168022487464,-556.399903,-27.07687185067098,568.900146,26.154285246686115,-657.6997080000001,-30.23670479018329,568.900146,26.154285246686115,663.7202149999998,30.513488086012615,-741.3897710000001,-34.084223191092846
76,KS11_VIT_5day_60,19,0.47368421052631576,138.1900363333333,-33.474963500000015,4.1281609263990156,3.7153448337591146,-9.509939239119092,-18.199137707379233,48,16.339080459770116,518.419922,22.01311697049204,-98.77001999999992,-4.566681584459328,424.2304669999999,19.503325359056703,-166.48962500000016,-7.6540974254976,390.5407699999996,17.954494775328158,908.9606919999997,41.78803149154614,-355.5996100000002,-16.34813015771373
77,KS11_VIT_5day_120,25,0.76,71.12526989473683,-49.411682000000006,1.4394423953173021,4.558234251838123,-4.8155330702135295,-6.697227537320261,28,6.7043478260869565,327.830078,12.878101058263072,-97.62011699999994,-4.004878538462508,727.0799579999998,33.7970788988906,57.75,2.6844108202071117,727.0799579999998,33.7970788988906,1054.9100359999998,49.03570415555798,-44.86010699999997,-2.085246002189588
78,KS11_Fusion_soft_5day_lgb,18,0.5555555555555556,61.978027399999974,-71.078750625,0.8719628138511611,1.0899535173139514,-16.479871782997023,-26.884106604917857,12,3.634920634920635,168.45007399999986,9.7660143701461,-98.66992200000004,-4.515207236170649,-62.49963400000024,-2.7566273679567868,-373.639893,-16.479871782997023,-62.49963400000024,-2.7566273679567868,-21.120116999999937,-0.9315301356268578,-609.5299070000001,-26.884106604917857
79,KS11_Fusion_soft_5day_SVM,29,0.5862068965517241,53.65589829411762,-49.98255424999994,1.0734925235261998,1.5207810749954496,-14.446206427121467,-22.5060376461254,17,3.6103896103896105,179.9400639999999,10.479178189291302,-103.25,-5.828591622570849,223.7697760000001,10.239867341047306,-315.6900639999999,-14.446206427121469,217.5395510000003,9.954767723729576,312.3596200000002,14.29380289275504,-491.8199460000001,-22.506037646125403
80,KS11_Fusion_soft_5day_xgb,18,0.6666666666666666,87.53251141666665,-67.06168616666666,1.305253661518805,2.61050732303761,-10.11226867175381,-19.7607853396932,16,4.426666666666667,334.3200689999999,13.166614099335671,-103.25,-5.828591622570849,313.69995100000006,14.556368985771654,-193.540039,-8.980684288358832,313.69995100000006,14.556368985771654,313.69995100000006,14.556368985771654,-404.0899650000001,-18.750664815971085
81,KS11_Fusion_hard_5day_lgb,25,0.6,52.56661780000004,-34.445983700000035,1.5260594169067085,2.289089125360063,-9.173341338270957,-15.3761043514686,22,5.4393939393939394,213.76001,12.39289054525779,-193.48999000000003,-10.54826528712046,330.38952700000027,15.189136428303382,-144.7397460000002,-6.654181107235823,330.38952700000027,15.189136428303382,330.38952700000027,15.189136428303382,-278.2996820000003,-12.794388115854073
82,KS11_Fusion_hard_5day_SVM,11,0.5454545454545454,298.6216431666667,-148.6319826,2.0091344940901483,2.4109613929081775,-32.29109154444026,-34.67592638659169,142,56.49726775956284,844.929932,41.65212003488584,-361.670044,-18.060835760816,203.6400140000001,9.229557053631776,-708.519898,-32.11218018392183,203.6400140000001,9.229557053631776,244.54992600000014,11.083713117788477,-725.3298340000001,-32.8740553200132
83,KS11_Fusion_hard_5day_xgb,30,0.6333333333333333,70.03577310526316,-48.34269563636367,1.4487353711525723,2.5023610956271702,-9.350010680492638,-15.926777370382595,17,4.961538461538462,152.03991700000006,7.49112725649737,-193.48999000000003,-10.54826528712046,685.2601339999997,31.503751825049353,-186.97973600000023,-8.596097900621864,685.2601339999997,31.503751825049353,694.4000259999998,31.923943917058256,-320.53967200000034,-14.736304909240113
84,KQ11_LSTM_1day_5,12,0.8333333333333334,37.618994199999996,-31.605011000000047,1.1902857493072836,5.951428746536418,-9.378062983945213,-29.427910168009564,29,8.191666666666666,72.89996399999995,10.942219316552606,-50.05999700000007,-7.620061813774663,252.16992199999996,37.41282373185294,-63.210022000000095,-9.378062983945208,252.16992199999996,37.41282373185294,312.9799199999999,46.4348106455354,-198.35000600000012,-29.427910168009564
85,KQ11_LSTM_1day_20,6,0.6666666666666666,51.089981249999994,-12.220001500000023,4.180849016262387,8.361698032524775,-1.9509843342635502,-31.97970203413758,34,14.025974025974026,134.57995600000004,16.139781210095354,-13.150025000000028,-1.9509843342635471,45.33996599999989,6.726798114987726,-13.150025000000028,-1.9509843342635471,45.33996599999989,6.726798114987726,54.47003199999983,8.08136707868111,-202.17001300000015,-29.994659950901774
86,KQ11_LSTM_1day_60,3,0.6666666666666666,108.03500400000001,-59.08996500000001,1.8283138939073666,3.6566277878147333,-7.829181676195529,-9.72349901250823,45,21.0,108.19000300000005,16.677489333336947,-59.08996500000001,-6.869089240530772,107.88000499999998,16.677489333336947,48.790039999999976,7.542596718206332,48.790039999999976,7.542596718206332,112.64001499999995,17.4133533704361,-4.950012000000015,-0.76523700874773
87,KQ11_LSTM_1day_120,2,0.5,294.399963,-2.940003000000047,100.13593965720284,100.13593965720284,-0.4361892692742342,-4.907868760337419,15,8.0,294.399963,43.6782223471641,-2.940003000000047,-0.4361892692742342,-2.940003000000047,-0.4361892692742342,-2.940003000000047,-0.4361892692742342,-2.940003000000047,-0.4361892692742342,14.389952999999991,2.134944448682695,-33.080017999999995,-4.907868760337415
88,KQ11_VIT_1day_5,32,0.78125,19.718806239999992,-27.004294285714302,0.73021001887213,2.6078929245433216,-16.516956605771817,-20.671508342321467,25,6.198675496688741,89.97998000000007,15.632322299614144,-61.89999400000005,-10.98510977985608,292.93008599999973,43.72547714847568,-76.040009,-11.350441060190002,292.93008599999973,43.72547714847568,317.93008599999973,47.4572103536197,-92.48998999999998,-13.805918673057526
89,KQ11_VIT_1day_20,26,0.7307692307692307,27.12578047368422,-28.744297285714293,0.9436925941886057,2.5614513270833585,-12.904715319274118,-33.72565687060638,31,8.275862068965518,90.03997800000002,11.1354301924874,-75.34002700000008,-12.019403681861112,299.3397820000001,44.41111140882731,-72.26995899999997,-10.722227360546349,299.3397820000001,44.41111140882731,314.17974800000013,46.6128213817744,-195.39993299999992,-28.990226877830704
90,KQ11_VIT_1day_60,26,0.6538461538461539,36.151769294117656,-30.945549888888902,1.1682380640810026,2.2066718988196716,-23.364288200222905,-34.66365642967104,15,5.343023255813954,73.55004900000006,13.236599210390294,-103.049987,-16.058153773647913,289.350158,42.92901537257009,-157.47998000000007,-23.364288200222905,289.350158,42.92901537257009,289.3801260000001,42.93346153130586,-233.63998400000008,-34.66365642967105
91,KQ11_VIT_1day_120,30,0.7,30.341427714285707,-47.71666122222222,0.6358665283176883,1.4836885660746062,-30.83669655768769,-35.69089839273188,27,5.890804597701149,123.60998599999994,16.824781290544895,-119.72998,-21.247933792044822,192.8800649999999,28.61637032680422,-196.97998100000007,-29.22464840139319,192.8800649999999,28.61637032680422,207.7200309999999,30.818080299751315,-212.38998500000014,-31.510931233170215
92,KQ11_Fusion_soft_1day_lgb,30,0.7,26.320472380952392,-23.04109700000001,1.142327224305005,2.665430190045012,-12.658577104303026,-26.618824527247263,16,4.7669172932330826,80.46002199999998,15.354966030534348,-66.90002400000003,-9.769564117939549,306.48004200000014,45.74806997781336,-66.13000499999987,-9.871181420593581,303.9400640000001,45.368929168095946,345.3600470000001,51.551662204799975,-161.77999899999986,-24.148791767858626
93,KQ11_Fusion_soft_1day_SVM,7,0.7142857142857143,85.16002199999998,-78.36999550000002,1.086640639146138,2.716601597865345,-22.733752329789848,-27.156038878394064,92,30.866666666666667,214.160034,35.26022618223016,-153.23004200000003,-22.73375232978985,191.9301139999999,28.47543222825931,-153.23004200000003,-22.73375232978985,191.9301139999999,28.47543222825931,269.0601189999999,39.91871324534245,-169.51001000000002,-25.149106105186608
94,KQ11_Fusion_soft_1day_xgb,23,0.6956521739130435,41.9231224375,-37.97428642857145,1.1039871023345282,2.5233990910503503,-23.507165616045846,-34.5280902795658,42,10.302469135802468,113.27996899999994,15.41874378195226,-103.049987,-16.058153773647913,356.0499909999997,53.66724796916898,-129.52001800000005,-19.522491500293953,350.3399689999997,52.80657903410528,404.94995399999976,61.03791643241912,-205.68002200000006,-31.002053144211832
95,KQ11_Fusion_hard_1day_lgb,25,0.68,33.97411752941175,-26.147495250000013,1.2993258897106688,2.7610675156351707,-20.755465260904536,-23.673389025699077,21,5.611111111111111,111.640014,25.157745512039263,-67.75,-10.98510977985608,307.5700379999997,46.93504432081009,-113.42001499999998,-17.307841379828908,307.5700379999997,46.93504432081009,368.3800359999997,56.21462164842473,-129.86999599999996,-19.81810080669637
96,KQ11_Fusion_hard_1day_SVM,9,0.6666666666666666,94.36167916666666,-53.506673333333275,1.763549727317504,3.5270994546350085,-22.26202984764707,-27.156038878394064,74,23.051643192488264,176.11001599999997,41.113578506638326,-149.14001499999995,-22.262029847647074,306.70004300000016,45.78090937928796,-149.14001499999995,-22.262029847647074,306.70004300000016,45.78090937928796,405.6500550000002,60.55111119647992,-165.41998299999995,-24.69212973421836
97,KQ11_Fusion_hard_1day_xgb,29,0.7241379310344828,28.767142190476182,-24.883739624999997,1.1560618550105162,3.034662369402605,-18.338158245785287,-21.272199378784997,21,5.3538461538461535,88.28997800000002,15.999197897980682,-61.89999400000005,-10.98510977985608,394.0300589999999,60.12880319277533,-96.88998599999996,-14.785366665502938,394.0300589999999,60.12880319277533,419.0300589999999,63.94379153055435,-113.33996699999994,-17.2956260923704
98,KQ11_LSTM_5day_5,11,0.6363636363636364,26.478559142857144,-39.52751175000003,0.6698767003176496,1.1722842255558867,-14.08088573638958,-31.89601776097517,23,7.010989010989011,46.71997099999999,5.607232760209544,-90.88000499999998,-14.49858077041245,-4.38000599999998,-0.6474318380112358,-95.26001099999996,-14.080885736389584,-19.480104000000097,-2.8794571371295254,27.23986699999989,4.026468721502121,-202.850007,-29.98433172753705
99,KQ11_LSTM_5day_20,5,0.6,39.67665633333331,-1.4249880000000417,27.843502073934765,41.765253110902144,-0.4228325443508485,-31.843264091769864,31,12.184615384615384,64.64996399999995,7.954960384570531,-2.589966000000004,-0.4029695850232113,105.16998299999987,15.6033915728497,-2.8499760000000838,-0.4228325443508464,105.16998299999987,15.6033915728497,116.17999299999984,17.236875693989003,-214.62997500000006,-31.843264091769864
100,KQ11_LSTM_5day_60,2,1.0,310.3799745,,0.0,-inf,0.0,-3.1236284804228576,43,22.0,416.579956,75.48926058602126,204.17999300000008,36.99985195165991,204.17999300000008,36.99985195165991,204.17999300000008,36.99985195165991,204.17999300000008,36.99985195165991,204.17999300000008,36.99985195165991,15.859985000000052,2.874018596697418
101,KQ11_LSTM_5day_120,2,0.5,294.399963,-2.940003000000047,100.13593965720284,100.13593965720284,-0.4361892692742342,-4.907868760337419,15,8.0,294.399963,43.6782223471641,-2.940003000000047,-0.4361892692742342,-2.940003000000047,-0.4361892692742342,-2.940003000000047,-0.4361892692742342,-2.940003000000047,-0.4361892692742342,14.389952999999991,2.134944448682695,-33.080017999999995,-4.907868760337415
102,KQ11_VIT_5day_5,14,0.8571428571428571,46.18498741666665,-121.45498649999996,0.3802642340803905,2.281585404482343,-22.100289144381456,-39.014540249840344,42,12.479452054794521,106.65997300000004,16.079797308194728,-149.63000499999998,-21.825634650320985,296.4699099999999,43.98532702337238,-146.60003700000004,-21.750101280374437,296.4699099999999,43.98532702337238,311.3098759999999,46.18703699631947,-254.19003300000008,-37.7125345624007
103,KQ11_VIT_5day_20,14,0.5714285714285714,54.76874537499998,-23.619984666666653,2.318746017320305,3.091661356427074,-12.270010794659092,-33.397696768281634,41,11.574766355140186,93.889954,13.34182835654128,-52.42999199999997,-6.232130065302323,214.30004899999983,31.79431510061078,-68.91998300000012,-10.225213043375197,202.54010099999996,30.049567518780812,296.4300549999999,43.97941399426087,-211.85995500000013,-31.43229410307428
104,KQ11_VIT_5day_60,25,0.72,33.42555077777776,-49.02141485714285,0.6818561005467871,1.7533442585488812,-23.473970997141635,-35.23567905901357,17,5.222222222222222,119.10003699999992,23.05414925342566,-108.08996599999996,-17.587043641537655,218.53002899999973,32.42188993139992,-145.33996700000006,-21.563152827418993,218.53002899999973,32.42188993139992,258.5100099999997,38.35346166720681,-223.49997100000007,-33.159248148148485
105,KQ11_VIT_5day_120,30,0.6333333333333333,26.96841278947368,-19.050004454545466,1.415664382327156,2.445238478565088,-13.521864825320772,-16.10351258013202,10,3.0434782608695654,68.29998799999998,9.05710877115914,-60.63000500000004,-12.017601989700866,272.2797859999997,40.39639445724471,-91.14007600000008,-13.521864825320778,261.42981099999975,38.786653696132014,302.84979399999975,44.93186923438858,-106.67007500000005,-15.825950540756942
106,KQ11_Fusion_soft_5day_lgb,12,0.5833333333333334,52.525713142857136,-8.370007599999985,6.27546779561553,8.785654913861741,-3.671552502115183,-30.26156509543023,44,14.037037037037036,121.96002199999998,16.065128080718765,-19.929992000000084,-3.1795398643043127,284.40997100000004,42.196071713122116,-21.520020000000045,-3.1927864694582877,284.40997100000004,42.196071713122116,325.82995400000004,48.34128725137868,-188.7799990000001,-28.00806999768346
107,KQ11_Fusion_soft_5day_SVM,15,0.6,60.22001133333336,-47.40668233333334,1.2702852924806025,1.9054279387209039,-27.50113690610423,-32.636979145341286,51,15.029411764705882,122.70001200000002,23.837520042757884,-188.050018,-27.81516944294794,258.3199760000002,38.55924927964827,-174.19003299999997,-26.00122920604929,246.5299980000002,36.799367184027574,267.8600150000002,39.98328449223503,-198.18002299999995,-29.58219889701221
108,KQ11_Fusion_soft_5day_xgb,16,0.75,35.173329583333334,-25.054992499999997,1.4038451451675085,4.211535435502526,-8.81279817178131,-31.482685826807455,48,12.474820143884893,153.53997800000002,21.102830535819955,-42.20001300000001,-6.260943554762663,280.44000200000005,41.60707303619854,-59.40002400000003,-8.81279817178131,280.44000200000005,41.60707303619854,321.85998500000005,47.75228857445511,-202.33999600000004,-30.019879231480402
109,KQ11_Fusion_hard_5day_lgb,28,0.6785714285714286,22.52421489473684,-25.244446000000014,0.892244373068707,1.8836270098117147,-13.788917575475,-32.63360795329879,18,4.7924528301886795,78.64001499999995,9.640328531644004,-75.34002700000008,-12.019403681861112,173.3100569999998,25.712894551707794,-92.94006500000012,-13.788917575475,159.3400859999998,23.640260121650357,200.7600689999998,29.785475659906922,-216.07003900000007,-32.056917092759356
110,KQ11_Fusion_hard_5day_SVM,6,0.5,103.89332066666668,-38.003336666666655,2.7337947080260774,2.7337947080260774,-8.88768929128555,-14.796762943026476,57,20.953216374269005,128.339966,18.919647197164625,-59.200012000000015,-8.887689291285549,121.20999100000006,18.1972385243354,-59.200012000000015,-8.887689291285549,69.32998600000008,10.408500831675127,197.66995200000008,29.676161477793766,-59.200012000000015,-8.887689291285549
111,KQ11_Fusion_hard_5day_xgb,31,0.7096774193548387,20.800001681818173,-29.274448000000014,0.710517297604319,1.7368200608105577,-19.565348608940493,-32.06661027198662,15,4.362745098039215,78.64001499999995,9.640328531644004,-120.309997,-19.19370722957795,152.7100219999997,22.656600318785735,-125.89007600000008,-18.677498036334303,152.7100219999997,22.656600318785735,194.1300049999997,28.8018158570423,-204.0500800000001,-30.2735933570638
