,Date,Open,High,Low,Close,Predicted_results,action,Sell_Signal_Profit,Sell_Signal_Return,Cumulative_Profit,Unrealized_profit,Unrealized_profit_plus_Cumulative_Profit,Holding_Period,Cumulative_Return,Unrealized_Return,Unrealized_profit_plus_Cumulative_Profit_Return,Cum_portfolio,Unreal_Cum_portfolio
0,2020-01-02,672.530029,674.299988,666.619995,674.02002,1,Buy,0.0,0.0,0.0,0.0,0.0,0,0.0,0.0,0.0,674.02002,674.02002
1,2020-01-03,677.570007,679.369995,668.099976,669.929993,1,Holding,0.0,0.0,0.0,-4.090027000000077,-4.090027000000077,1,0.0,-0.6068109074861125,-0.6068109074861125,674.02002,669.929993
2,2020-01-06,660.080017,663.099976,653.609985,655.309998,1,Holding,0.0,0.0,0.0,-18.710022000000095,-18.710022000000095,2,0.0,-2.775885202935084,-2.775885202935084,674.02002,655.309998
3,2020-01-07,660.869995,664.210022,659.179993,663.440002,1,Holding,0.0,0.0,0.0,-10.580017999999995,-10.580017999999995,3,0.0,-1.569688983422183,-1.569688983422183,674.02002,663.440002
4,2020-01-08,657.23999,658.140015,637.429993,640.940002,1,Holding,0.0,0.0,0.0,-33.080017999999995,-33.080017999999995,4,0.0,-4.907868760337415,-4.907868760337415,674.02002,640.940002
5,2020-01-09,657.01001,666.090027,656.25,666.090027,1,Holding,0.0,0.0,0.0,-7.929993000000081,-7.929993000000081,5,0.0,-1.1765218783857607,-1.1765218783857607,674.02002,666.090027
6,2020-01-10,668.789978,673.030029,665.919983,673.030029,0,Holding,0.0,0.0,0.0,-0.9899910000000318,-0.9899910000000318,6,0.0,-0.14687857491236414,-0.14687857491236414,674.02002,673.030029
7,2020-01-13,673.76001,679.219971,673.22998,679.219971,1,Holding,0.0,0.0,0.0,5.199950999999942,5.199950999999942,7,0.0,0.7714831675177751,0.7714831675177751,674.02002,679.219971
8,2020-01-14,682.140015,685.880005,676.780029,678.710022,1,Holding,0.0,0.0,0.0,4.690001999999936,4.690001999999936,8,0.0,0.6958253257818567,0.6958253257818567,674.02002,678.710022
9,2020-01-15,678.830017,681.390015,676.909973,679.159973,0,Holding,0.0,0.0,0.0,5.139952999999991,5.139952999999991,9,0.0,0.7625816515064331,0.7625816515064331,674.02002,679.159973
10,2020-01-16,679.669983,686.52002,679.48999,686.52002,1,Holding,0.0,0.0,0.0,12.5,12.5,10,0.0,1.8545443205084617,1.8545443205084617,674.02002,686.52002
11,2020-01-17,689.72998,690.609985,686.679993,688.409973,0,Holding,0.0,0.0,0.0,14.389952999999991,14.389952999999991,11,0.0,2.134944448682695,2.134944448682695,674.02002,688.409973
12,2020-01-20,690.849976,691.169983,682.47998,683.469971,0,sell,9.799986999999987,1.453960818552539,0.0,9.449950999999942,9.449950999999942,0,0.0,1.4020282364906522,1.4020282364906522,674.02002,683.469971
13,2020-01-21,683.820007,685.890015,675.47998,676.52002,0,No action,0.0,0.0,9.799986999999987,0.0,9.799986999999987,0,1.453960818552539,0.0,1.453960818552539,683.820007,683.820007
14,2020-01-22,677.049988,688.280029,677.049988,688.25,1,Buy,0.0,0.0,9.799986999999987,0.0,9.799986999999987,0,1.453960818552539,0.0,1.453960818552539,683.820007,683.820007
15,2020-01-23,685.940002,687.710022,683.52002,685.570007,0,Holding,0.0,0.0,9.799986999999987,-2.6799929999999677,7.11999400000002,1,1.453960818552539,-0.39761326377219,1.056347554780349,683.820007,681.1400140000001
16,2020-01-28,664.700012,664.700012,664.700012,664.700012,0,sell,-17.169983000000002,-2.494730548492554,9.799986999999987,-23.549987999999985,-13.750000999999997,0,1.453960818552539,-3.4939597194753924,-2.0399989009228534,683.820007,660.270019
17,2020-01-29,671.080017,671.97998,664.090027,670.179993,0,No action,0.0,0.0,-7.369996000000015,0.0,-7.369996000000015,0,-1.093438737917609,0.0,-1.093438737917609,666.650024,666.650024
18,2020-01-30,656.390015,656.390015,656.390015,656.390015,0,No action,0.0,0.0,-7.369996000000015,0.0,-7.369996000000015,0,-1.093438737917609,0.0,-1.093438737917609,666.650024,666.650024
19,2020-01-31,660.97998,664.77002,641.570007,642.47998,1,Buy,0.0,0.0,-7.369996000000015,0.0,-7.369996000000015,0,-1.093438737917609,0.0,-1.093438737917609,666.650024,666.650024
20,2020-02-03,631.820007,648.340027,627.650024,646.849976,0,Holding,0.0,0.0,-7.369996000000015,4.369996000000015,-3.0,1,-1.093438737917609,0.6483481009955779,-0.4450906369220309,666.650024,671.02002
21,2020-02-04,650.719971,661.23999,649.219971,661.23999,0,sell,24.26001000000008,3.7759947010333432,-7.369996000000015,18.76001000000008,11.390014000000065,0,-1.093438737917609,2.783301599854568,1.689862861936959,666.650024,685.4100340000001
22,2020-02-05,666.73999,668.909973,658.030029,661.320007,1,Buy,0.0,0.0,16.890014000000065,0.0,16.890014000000065,0,2.5058623629606824,0.0,2.5058623629606824,690.9100340000001,690.9100340000001
23,2020-02-06,672.690002,672.690002,672.690002,672.690002,1,Holding,0.0,0.0,16.890014000000065,11.369995000000017,28.260009000000082,1,2.5058623629606824,1.6868927721167715,4.192755135077453,690.9100340000001,702.2800290000001
24,2020-02-07,673.109985,674.030029,667.929993,672.630005,1,Holding,0.0,0.0,16.890014000000065,11.30999799999995,28.200012000000015,2,2.5058623629606824,1.677991404468958,4.18385376742964,690.9100340000001,702.2200320000001
25,2020-02-10,669.530029,676.080017,668.099976,676.070007,0,Holding,0.0,0.0,16.890014000000065,14.75,31.640014000000065,3,2.5058623629606824,2.1883622981999853,4.694224661160668,690.9100340000001,705.6600340000001
26,2020-02-11,682.340027,682.340027,682.340027,682.340027,1,Holding,0.0,0.0,16.890014000000065,21.02001999999993,37.910033999999996,4,2.5058623629606824,3.118604696637932,5.624467059598615,690.9100340000001,711.930054
27,2020-02-12,683.26001,686.789978,680.26001,686.590027,0,Holding,0.0,0.0,16.890014000000065,25.27001999999993,42.160033999999996,5,2.5058623629606824,3.749149765610809,6.255012128571491,690.9100340000001,716.180054
28,2020-02-13,689.539978,691.429993,681.77002,687.609985,1,Holding,0.0,0.0,16.890014000000065,26.28997800000002,43.179992000000084,6,2.5058623629606824,3.900474350895396,6.406336713856079,690.9100340000001,717.2000120000001
29,2020-02-14,687.22998,692.0,685.669983,688.909973,1,Holding,0.0,0.0,16.890014000000065,27.589966000000004,44.47998000000007,7,2.5058623629606824,4.093345179865726,6.5992075428264085,690.9100340000001,718.5000000000001
30,2020-02-17,690.349976,692.640015,686.72998,692.590027,0,Holding,0.0,0.0,16.890014000000065,31.27001999999993,48.160033999999996,8,2.5058623629606824,4.639331039454871,7.145193402415553,690.9100340000001,722.180054
31,2020-02-18,691.419983,692.52002,681.440002,682.919983,1,Holding,0.0,0.0,16.890014000000065,21.59997599999997,38.489990000000034,9,2.5058623629606824,3.2046490251135222,5.710511388074205,690.9100340000001,712.5100100000001
32,2020-02-19,684.780029,684.780029,684.780029,684.780029,0,Holding,0.0,0.0,16.890014000000065,23.46002199999998,40.350036000000046,10,2.5058623629606824,3.4806120447282827,5.9864744076889655,690.9100340000001,714.3700560000001
33,2020-02-20,687.650024,688.51001,677.98999,681.659973,1,Holding,0.0,0.0,16.890014000000065,20.339966000000004,37.22998000000007,11,2.5058623629606824,3.017709473970818,5.523571836931501,690.9100340000001,711.2500000000001
34,2020-02-21,673.570007,680.280029,667.469971,667.98999,1,Holding,0.0,0.0,16.890014000000065,6.669983000000002,23.559997000000067,12,2.5058623629606824,0.9895823272430397,3.495444690203722,690.9100340000001,697.5800170000001
35,2020-02-24,653.400024,656.309998,639.219971,639.289978,0,Holding,0.0,0.0,16.890014000000065,-22.030029000000013,-5.1400149999999485,13,2.5058623629606824,-3.268453213006939,-0.7625908500462565,690.9100340000001,668.8800050000001
36,2020-02-25,639.280029,656.960022,633.650024,656.950012,0,sell,-17.299986999999987,-2.6159781674350566,16.890014000000065,-4.369995000000017,12.520019000000048,0,2.5058623629606824,-0.6483479526320326,1.8575144103286496,690.9100340000001,686.5400390000001
37,2020-02-26,644.02002,658.289978,642.97998,654.630005,0,No action,0.0,0.0,-0.4099729999999226,0.0,-0.4099729999999226,0,-0.06082504789693377,0.0,-0.06082504789693377,673.6100470000001,673.6100470000001
38,2020-02-27,654.609985,660.890015,634.789978,638.169983,1,Buy,0.0,0.0,-0.4099729999999226,0.0,-0.4099729999999226,0,-0.06082504789693377,0.0,-0.06082504789693377,673.6100470000001,673.6100470000001
39,2020-02-28,626.359985,631.25,608.380005,610.72998,0,Holding,0.0,0.0,-0.4099729999999226,-27.440003000000047,-27.84997599999997,1,-0.06082504789693377,-4.071096137470819,-4.131921185367753,673.6100470000001,646.1700440000001
40,2020-03-02,617.880005,627.710022,607.320007,627.659973,0,sell,3.4800410000000284,0.5453156827653595,-0.4099729999999226,-10.510009999999966,-10.919982999999888,0,-0.06082504789693377,-1.559302348318966,-1.6201273962159,673.6100470000001,663.1000370000002
41,2020-03-03,641.650024,641.77002,626.710022,626.820007,1,Buy,0.0,0.0,3.0700680000001057,0.0,3.0700680000001057,0,0.45548617383799744,0.0,0.45548617383799744,677.0900880000002,677.0900880000002
42,2020-03-04,623.75,641.72998,623.549988,641.72998,1,Holding,0.0,0.0,3.0700680000001057,14.909972999999923,17.98004100000003,1,0.45548617383799744,2.21209645968675,2.6675826335247472,677.0900880000002,692.0000610000001
43,2020-03-05,647.75,650.809998,643.969971,650.190002,1,Holding,0.0,0.0,3.0700680000001057,23.369995000000017,26.440063000000123,2,0.45548617383799744,3.4672553198048948,3.922741493642892,677.0900880000002,700.4600830000002
44,2020-03-06,642.330017,647.830017,637.200012,642.719971,0,Holding,0.0,0.0,3.0700680000001057,15.899963999999954,18.97003200000006,3,0.45548617383799744,2.358975034599114,2.8144612084371112,677.0900880000002,692.9900520000001
45,2020-03-09,631.130005,632.52002,614.580017,614.599976,1,Holding,0.0,0.0,3.0700680000001057,-12.220031000000063,-9.149962999999957,4,0.45548617383799744,-1.8130071269989965,-1.357520953160999,677.0900880000002,664.8700570000001
46,2020-03-10,606.890015,619.97998,604.51001,619.969971,0,Holding,0.0,0.0,3.0700680000001057,-6.8500360000000455,-3.77996799999994,5,0.45548617383799744,-1.016295628726287,-0.5608094548882895,677.0900880000002,670.2400520000001
47,2020-03-11,621.119995,622.070007,591.380005,595.609985,1,Holding,0.0,0.0,3.0700680000001057,-31.21002199999998,-28.139953999999875,6,0.45548617383799744,-4.630429523443529,-4.174943349605532,677.0900880000002,645.8800660000002
48,2020-03-12,589.200012,594.320007,555.469971,563.48999,1,Holding,0.0,0.0,3.0700680000001057,-63.330017,-60.25994899999989,7,0.45548617383799744,-9.395865867604346,-8.94037969376635,677.0900880000002,613.7600710000002
49,2020-03-13,536.619995,540.299988,487.070007,524.0,1,Holding,0.0,0.0,3.0700680000001057,-102.82000700000003,-99.74993899999993,8,0.45548617383799744,-15.254740801319228,-14.79925462748123,677.0900880000002,574.2700810000001
50,2020-03-16,538.679993,541.869995,504.51001,504.51001,1,Holding,0.0,0.0,3.0700680000001057,-122.30999700000001,-119.2399289999999,9,0.45548617383799744,-18.146344822220563,-17.690858648382566,677.0900880000002,554.7800910000001
51,2020-03-17,488.019989,518.719971,483.51001,514.72998,1,Holding,0.0,0.0,3.0700680000001057,-112.09002700000008,-109.01995899999997,10,0.45548617383799744,-16.630073836679223,-16.174587662841226,677.0900880000002,565.0000610000001
52,2020-03-18,520.789978,526.099976,485.140015,485.140015,1,Holding,0.0,0.0,3.0700680000001057,-141.67999200000003,-138.60992399999992,11,0.45548617383799744,-21.02014595946275,-20.56465978562475,677.0900880000002,535.4100960000001
53,2020-03-19,501.589996,502.119995,419.549988,428.350006,1,Holding,0.0,0.0,3.0700680000001057,-198.47000100000002,-195.39993299999992,12,0.45548617383799744,-29.445713051668704,-28.990226877830704,677.0900880000002,478.6200870000001
54,2020-03-20,443.880005,467.75,435.109985,467.75,1,Holding,0.0,0.0,3.0700680000001057,-159.07000700000003,-155.99993899999993,13,0.45548617383799744,-23.600190243607308,-23.144704069769308,677.0900880000002,518.0200810000001
55,2020-03-23,443.76001,443.76001,443.76001,443.76001,1,Holding,0.0,0.0,3.0700680000001057,-183.059997,-179.9899289999999,14,0.45548617383799744,-27.15943021989169,-26.70394404605369,677.0900880000002,494.03009100000014
56,2020-03-24,457.209991,480.399994,454.23999,480.399994,1,Holding,0.0,0.0,3.0700680000001057,-146.42001300000004,-143.34994499999993,15,0.45548617383799744,-21.72339228143402,-21.267906107596023,677.0900880000002,530.6700750000001
57,2020-03-25,496.320007,506.429993,488.980011,505.679993,1,Holding,0.0,0.0,3.0700680000001057,-121.14001400000001,-118.0699459999999,16,0.45548617383799744,-17.972761996001246,-17.51727582216325,677.0900880000002,555.9500740000001
58,2020-03-26,506.51001,533.330017,501.820007,516.609985,1,Holding,0.0,0.0,3.0700680000001057,-110.21002199999998,-107.13995399999988,17,0.45548617383799744,-16.35114962905701,-15.895663455219012,677.0900880000002,566.8800660000002
59,2020-03-27,535.940002,540.039978,502.480011,522.830017,0,Holding,0.0,0.0,3.0700680000001057,-103.98999000000003,-100.91992199999993,18,0.45548617383799744,-15.428323627538546,-14.972837453700546,677.0900880000002,573.1000980000001
60,2020-03-30,513.130005,542.119995,511.470001,542.109985,0,sell,-75.34002700000008,-12.019403681861112,3.0700680000001057,-84.71002199999998,-81.63995399999988,0,0.45548617383799744,-12.567879215219746,-12.112393041381749,677.0900880000002,592.3800660000002
61,2020-03-31,551.47998,569.070007,551.25,569.070007,1,Buy,0.0,0.0,-72.26995899999997,0.0,-72.26995899999997,0,-10.722227360546349,0.0,-10.722227360546349,601.7500610000001,601.7500610000001
62,2020-04-01,568.880005,579.76001,551.299988,551.840027,0,Holding,0.0,0.0,-72.26995899999997,-17.22998000000007,-89.49993900000004,1,-10.722227360546349,-2.556300924117961,-13.27852828466431,601.7500610000001,584.520081
63,2020-04-02,555.400024,567.700012,542.75,567.700012,0,sell,2.219970999999987,0.3901050789345127,-72.26995899999997,-1.3699950000000172,-73.63995399999999,0,-10.722227360546349,-0.20325731571000177,-10.92548467625635,601.7500610000001,600.380066
64,2020-04-03,571.289978,576.27002,564.02002,573.01001,0,No action,0.0,0.0,-70.04998799999998,0.0,-70.04998799999998,0,-10.39286459176687,0.0,-10.39286459176687,603.9700320000001,603.9700320000001
65,2020-04-06,579.25,597.210022,577.830017,597.210022,1,Buy,0.0,0.0,-70.04998799999998,0.0,-70.04998799999998,0,-10.39286459176687,0.0,-10.39286459176687,603.9700320000001,603.9700320000001
66,2020-04-07,606.900024,606.900024,606.900024,606.900024,0,Holding,0.0,0.0,-70.04998799999998,9.69000200000005,-60.359985999999935,1,-10.39286459176687,1.4376430539852583,-8.955221537781613,603.9700320000001,613.6600340000001
67,2020-04-08,604.460022,615.320007,599.299988,607.369995,1,Holding,0.0,0.0,-70.04998799999998,10.159973000000036,-59.89001499999995,2,-10.39286459176687,1.507369617893551,-8.885494973873321,603.9700320000001,614.1300050000001
68,2020-04-09,616.669983,618.369995,610.659973,615.950012,0,Holding,0.0,0.0,-70.04998799999998,18.739990000000034,-51.30999799999995,3,-10.39286459176687,2.780331361670835,-7.6125332300960356,603.9700320000001,622.7100220000001
69,2020-04-10,617.75,618.080017,593.01001,611.26001,0,sell,12.729980000000069,2.1315750792943104,-70.04998799999998,14.049987999999985,-56.0,0,-10.39286459176687,2.0845060358889613,-8.30835855587791,603.9700320000001,618.02002
70,2020-04-13,609.940002,611.059998,596.710022,596.710022,1,Buy,0.0,0.0,-57.32000799999992,0.0,-57.32000799999992,0,-8.504199623031957,0.0,-8.504199623031957,616.7000120000001,616.7000120000001
71,2020-04-14,605.140015,611.359985,602.049988,610.289978,1,Holding,0.0,0.0,-57.32000799999992,13.579956000000038,-43.740051999999885,1,-8.504199623031957,2.0147704218043905,-6.489429201227566,616.7000120000001,630.2799680000002
72,2020-04-16,623.429993,623.429993,623.429993,623.429993,0,Holding,0.0,0.0,-57.32000799999992,26.719970999999987,-30.600036999999936,2,-8.504199623031957,3.964269636976063,-4.539929986055894,616.7000120000001,643.4199830000001
73,2020-04-17,631.340027,634.789978,628.049988,634.789978,0,sell,39.0,6.5358379383814,-57.32000799999992,38.07995600000004,-19.240051999999885,0,-8.504199623031957,5.649677290000977,-2.854522333030981,616.7000120000001,654.7799680000002
74,2020-04-20,635.710022,643.049988,634.200012,637.820007,0,No action,0.0,0.0,-18.32000799999992,0.0,-18.32000799999992,0,-2.7180213430455553,0.0,-2.7180213430455553,655.7000120000001,655.7000120000001
75,2020-04-21,634.76001,641.070007,602.049988,628.77002,1,Buy,0.0,0.0,-18.32000799999992,0.0,-18.32000799999992,0,-2.7180213430455553,0.0,-2.7180213430455553,655.7000120000001,655.7000120000001
76,2020-04-22,618.950012,635.309998,616.880005,635.159973,1,Holding,0.0,0.0,-18.32000799999992,6.389952999999991,-11.930054999999928,1,-2.7180213430455553,0.9480360835572793,-1.7699852594882757,655.7000120000001,662.0899650000001
77,2020-04-23,640.130005,645.539978,637.330017,643.789978,0,Holding,0.0,0.0,-18.32000799999992,15.019957999999974,-3.3000499999999455,2,-2.7180213430455553,2.2284142242540472,-0.4896071187915079,655.7000120000001,670.7199700000001
78,2020-04-24,640.190002,645.219971,629.119995,632.960022,1,Holding,0.0,0.0,-18.32000799999992,4.190001999999936,-14.130005999999984,3,-2.7180213430455553,0.6216435529615182,-2.096377790084037,655.7000120000001,659.8900140000001
79,2020-04-27,638.900024,647.109985,638.580017,646.859985,1,Holding,0.0,0.0,-18.32000799999992,18.089965000000007,-0.23004299999991318,4,-2.7180213430455553,2.6838913479157496,-0.034129995129805364,655.7000120000001,673.7899770000001
80,2020-04-28,649.460022,651.390015,638.690002,644.929993,0,Holding,0.0,0.0,-18.32000799999992,16.159972999999923,-2.160034999999997,5,-2.7180213430455553,2.397550891737596,-0.3204704513079592,655.7000120000001,671.859985
81,2020-04-29,646.330017,648.419983,644.059998,645.179993,1,Holding,0.0,0.0,-18.32000799999992,16.409972999999923,-1.910034999999997,6,-2.7180213430455553,2.4346417781477654,-0.28337956489779,655.7000120000001,672.109985
82,2020-05-04,637.0,648.570007,635.159973,641.909973,1,Holding,0.0,0.0,-18.32000799999992,13.139952999999991,-5.180054999999928,7,-2.7180213430455553,1.949490016631849,-0.7685313264137063,655.7000120000001,668.8399650000001
83,2020-05-06,658.400024,658.400024,658.400024,658.400024,1,Holding,0.0,0.0,-18.32000799999992,29.630003999999985,11.309996000000066,8,-2.7180213430455553,4.396012450787438,1.6779911077418836,655.7000120000001,685.3300160000001
84,2020-05-07,659.450012,669.030029,658.929993,668.169983,1,Holding,0.0,0.0,-18.32000799999992,39.39996299999996,21.079955000000037,9,-2.7180213430455553,5.845518208791477,3.127496865745922,655.7000120000001,695.0999750000001
85,2020-05-08,674.01001,682.940002,673.52002,682.299988,0,Holding,0.0,0.0,-18.32000799999992,53.52996799999994,35.209960000000024,10,-2.7180213430455553,7.941895850511968,5.223874507466413,655.7000120000001,709.2299800000001
86,2020-05-11,686.809998,690.340027,676.599976,685.039978,0,sell,58.70995999999991,9.337270883239617,-18.32000799999992,56.269957999999974,37.94995000000006,0,-2.7180213430455553,8.348410481931971,5.630389138886417,655.7000120000001,711.9699700000001
87,2020-05-12,687.47998,688.369995,673.659973,684.210022,1,Buy,0.0,0.0,40.389952,0.0,40.389952,0,5.992396486976752,0.0,5.992396486976752,714.409972,714.409972
88,2020-05-13,676.530029,691.570007,676.23999,691.530029,0,Holding,0.0,0.0,40.389952,7.320007000000032,47.70995900000003,1,5.992396486976752,1.0860221926345797,7.078418679611332,714.409972,721.7299790000001
89,2020-05-14,687.919983,693.679993,684.330017,690.570007,1,Holding,0.0,0.0,40.389952,6.3599850000000515,46.74993700000005,2,5.992396486976752,0.9435899248215285,6.93598641179828,714.409972,720.7699570000001
90,2020-05-15,695.799988,696.909973,686.22998,691.929993,1,Holding,0.0,0.0,40.389952,7.719970999999987,48.10992299999999,3,5.992396486976752,1.1453622698032007,7.137758756779952,714.409972,722.129943
91,2020-05-18,695.169983,695.900024,688.880005,690.849976,0,Holding,0.0,0.0,40.389952,6.639953999999989,47.02990599999999,4,5.992396486976752,0.9851271183309939,6.977523605307745,714.409972,721.049926
92,2020-05-19,696.01001,696.390015,687.669983,696.359985,1,Holding,0.0,0.0,40.389952,12.14996300000007,52.53991500000007,5,5.992396486976752,1.8026115900830468,7.795008077059798,714.409972,726.5599350000001
93,2020-05-20,697.150024,709.159973,697.090027,708.76001,0,Holding,0.0,0.0,40.389952,24.549987999999985,64.93993999999998,6,5.992396486976752,3.6423232651160693,9.63471975209282,714.409972,738.95996
94,2020-05-21,716.02002,716.02002,716.02002,716.02002,1,Holding,0.0,0.0,40.389952,31.809998000000064,72.19995000000006,7,5.992396486976752,4.719444090102852,10.711840577079602,714.409972,746.2199700000001
95,2020-05-22,717.780029,719.150024,702.5,708.580017,1,Holding,0.0,0.0,40.389952,24.369995000000017,64.75994700000001,8,5.992396486976752,3.6156188654455717,9.608015352422322,714.409972,738.779967
96,2020-05-25,712.880005,719.890015,708.599976,719.890015,0,Holding,0.0,0.0,40.389952,35.67999299999997,76.06994499999996,9,5.992396486976752,5.29361026991453,11.28600675689128,714.409972,750.089965
97,2020-05-26,723.280029,729.159973,718.809998,729.109985,1,Holding,0.0,0.0,40.389952,44.89996300000007,85.28991500000006,10,5.992396486976752,6.661517709815216,12.653914196791968,714.409972,759.3099350000001
98,2020-05-27,728.26001,730.409973,722.039978,724.590027,0,Holding,0.0,0.0,40.389952,40.38000499999998,80.76995699999998,11,5.992396486976752,5.990920714788261,11.983317201765011,714.409972,754.789977
99,2020-05-28,728.76001,728.799988,695.299988,708.75,0,sell,21.949951000000056,3.2080721261344016,40.389952,24.53997800000002,64.92993000000001,0,5.992396486976752,3.640838146024211,9.633234633000962,714.409972,738.9499500000001
100,2020-05-29,706.159973,714.51001,700.840027,713.679993,1,Buy,0.0,0.0,62.33990300000005,0.0,62.33990300000005,0,9.248969043975881,0.0,9.248969043975881,736.3599230000001,736.3599230000001
101,2020-06-01,716.960022,735.719971,716.830017,735.719971,0,Holding,0.0,0.0,62.33990300000005,22.03997800000002,84.37988100000007,1,9.248969043975881,3.2699292819225185,12.5188983258984,736.3599230000001,758.3999010000001
102,2020-06-02,737.669983,743.700012,735.059998,743.580017,0,sell,35.80999700000007,5.0176546002740565,62.33990300000005,29.90002400000003,92.23992700000008,0,9.248969043975881,4.43607357538134,13.68504261935722,736.3599230000001,766.2599470000001
103,2020-06-03,749.48999,750.140015,734.630005,737.659973,1,Buy,0.0,0.0,98.14990000000012,0.0,98.14990000000012,0,14.561867168277894,0.0,14.561867168277894,772.1699200000002,772.1699200000002
104,2020-06-04,742.869995,744.359985,733.909973,742.369995,0,Holding,0.0,0.0,98.14990000000012,4.710021999999981,102.8599220000001,1,14.561867168277894,0.6987955639655897,15.260662732243485,772.1699200000002,776.8799420000001
105,2020-06-05,743.650024,749.75,739.52002,749.309998,0,sell,16.46002199999998,2.2313833747896714,98.14990000000012,11.650024999999914,109.79992500000003,0,14.561867168277894,1.728439015802515,16.29030618408041,772.1699200000002,783.8199450000001
106,2020-06-08,754.119995,754.320007,747.369995,753.039978,1,Buy,0.0,0.0,114.6099220000001,0.0,114.6099220000001,0,17.00393439352144,0.0,17.00393439352144,788.6299420000001,788.6299420000001
107,2020-06-09,756.02002,756.450012,746.559998,753.820007,0,Holding,0.0,0.0,114.6099220000001,0.7800290000000132,115.38995100000011,1,17.00393439352144,0.11572786814255356,17.119662261663994,788.6299420000001,789.4099710000002
108,2020-06-10,754.299988,759.47998,752.289978,758.619995,1,Holding,0.0,0.0,114.6099220000001,5.580016999999998,120.1899390000001,2,17.00393439352144,0.8278711068552529,17.831805500376692,788.6299420000001,794.2099590000001
109,2020-06-11,760.070007,766.960022,752.039978,757.059998,0,Holding,0.0,0.0,114.6099220000001,4.020019999999931,118.62994200000003,3,17.00393439352144,0.596424420746424,17.600358814267864,788.6299420000001,792.6499620000001
110,2020-06-12,722.909973,747.369995,722.809998,746.059998,1,Holding,0.0,0.0,114.6099220000001,-6.979980000000069,107.62994200000003,4,17.00393439352144,-1.0355745813010224,15.968359812220417,788.6299420000001,781.6499620000001
111,2020-06-15,745.599976,747.210022,693.150024,693.150024,0,Holding,0.0,0.0,114.6099220000001,-59.88995399999999,54.71996800000011,5,17.00393439352144,-8.885485923697042,8.118448469824397,788.6299420000001,728.7399880000002
112,2020-06-16,716.599976,735.73999,714.140015,735.380005,1,Holding,0.0,0.0,114.6099220000001,-17.659973000000036,96.94994900000006,6,17.00393439352144,-2.620096210198628,14.383838183322812,788.6299420000001,770.9699690000001
113,2020-06-17,731.909973,743.109985,717.679993,735.400024,1,Holding,0.0,0.0,114.6099220000001,-17.63995399999999,96.96996800000011,7,17.00393439352144,-2.6171261203784404,14.386808273143,788.6299420000001,770.9899880000002
114,2020-06-18,738.109985,743.119995,732.919983,737.330017,1,Holding,0.0,0.0,114.6099220000001,-15.709961000000021,98.89996100000008,8,17.00393439352144,-2.3307855158367583,14.673148877684683,788.6299420000001,772.9199810000001
115,2020-06-19,743.349976,743.940002,732.549988,742.030029,1,Holding,0.0,0.0,114.6099220000001,-11.009949000000006,103.59997300000009,9,17.00393439352144,-1.6334750709630266,15.370459322558414,788.6299420000001,777.6199930000001
116,2020-06-22,742.97998,752.97998,741.780029,751.640015,1,Holding,0.0,0.0,114.6099220000001,-1.3999630000000707,113.20995900000003,10,17.00393439352144,-0.20770347444576953,16.79623091907567,788.6299420000001,787.2299790000001
117,2020-06-23,758.609985,761.369995,744.26001,753.22998,1,Holding,0.0,0.0,114.6099220000001,0.19000199999993583,114.79992400000003,11,17.00393439352144,0.028189370398810382,17.03212376392025,788.6299420000001,788.8199440000001
118,2020-06-24,758.150024,765.210022,755.119995,759.5,1,Holding,0.0,0.0,114.6099220000001,6.460021999999981,121.06994400000008,12,17.00393439352144,0.9584317688367743,17.962366162358215,788.6299420000001,795.0899640000001
119,2020-06-25,749.809998,757.22998,745.97998,750.359985,1,Holding,0.0,0.0,114.6099220000001,-2.6799929999999677,111.92992900000013,13,17.00393439352144,-0.39761326377219,16.60632112974925,788.6299420000001,785.9499490000002
120,2020-06-26,758.619995,758.619995,742.570007,750.580017,0,Holding,0.0,0.0,114.6099220000001,-2.459961000000021,112.14996100000008,14,17.00393439352144,-0.36496853609778845,16.638965857423653,788.6299420000001,786.1699810000001
121,2020-06-29,743.880005,747.299988,732.859985,734.690002,1,Holding,0.0,0.0,114.6099220000001,-18.34997599999997,96.25994600000013,15,17.00393439352144,-2.7224675017813222,14.281466891740118,788.6299420000001,770.2799660000002
122,2020-06-30,744.539978,744.539978,731.76001,737.969971,0,Holding,0.0,0.0,114.6099220000001,-15.070007000000032,99.53991500000006,16,17.00393439352144,-2.235839671349826,14.768094722171615,788.6299420000001,773.5599350000001
123,2020-07-01,743.530029,744.030029,726.359985,727.580017,1,Holding,0.0,0.0,114.6099220000001,-25.45996100000002,89.14996100000008,17,17.00393439352144,-3.7773300858333587,13.226604307688081,788.6299420000001,763.1699810000001
124,2020-07-02,732.940002,742.549988,732.090027,742.549988,1,Holding,0.0,0.0,114.6099220000001,-10.489990000000034,104.11993200000006,18,17.00393439352144,-1.5563321101352499,15.44760228338619,788.6299420000001,778.1399520000001
125,2020-07-03,746.130005,752.219971,741.109985,752.179993,1,Holding,0.0,0.0,114.6099220000001,-0.8599850000000515,113.74993700000005,19,17.00393439352144,-0.12759042379780522,16.876343969723635,788.6299420000001,787.7699570000001
126,2020-07-06,754.73999,759.929993,750.429993,759.900024,1,Holding,0.0,0.0,114.6099220000001,6.860046000000011,121.46996800000011,20,17.00393439352144,1.0177807478181449,18.021715141339584,788.6299420000001,795.4899880000002
127,2020-07-07,763.400024,764.460022,755.440002,759.159973,0,Holding,0.0,0.0,114.6099220000001,6.119995000000017,120.72991700000011,21,17.00393439352144,0.9079841575032173,17.91191855102466,788.6299420000001,794.7499370000002
128,2020-07-08,761.190002,765.960022,758.380005,765.960022,1,Holding,0.0,0.0,114.6099220000001,12.920043999999962,127.52996600000006,22,17.00393439352144,1.9168635376735486,18.92079793119499,788.6299420000001,801.5499860000001
129,2020-07-09,770.460022,774.5,769.309998,772.900024,1,Holding,0.0,0.0,114.6099220000001,19.86004600000001,134.4699680000001,23,17.00393439352144,2.9465068411469453,19.950441234668386,788.6299420000001,808.4899880000002
130,2020-07-10,773.75,775.98999,766.51001,772.809998,0,Holding,0.0,0.0,114.6099220000001,19.77001999999993,134.37994200000003,24,17.00393439352144,2.933150264587086,19.937084658108525,788.6299420000001,808.3999620000001
131,2020-07-13,777.919983,781.190002,773.080017,781.190002,0,sell,23.15002400000003,3.074209162371992,114.6099220000001,28.15002400000003,142.75994600000013,0,17.00393439352144,4.176437370510156,21.180371764031598,788.6299420000001,816.7799660000002
132,2020-07-14,776.190002,782.700012,775.289978,778.390015,1,Buy,0.0,0.0,137.75994600000013,0.0,137.75994600000013,0,20.43855403582821,0.0,20.43855403582821,811.7799660000002,811.7799660000002
133,2020-07-15,783.140015,783.289978,775.960022,781.289978,1,Holding,0.0,0.0,137.75994600000013,2.8999630000000707,140.6599090000002,1,20.43855403582821,0.4302487929067849,20.868802828734996,811.7799660000002,814.6799290000002
134,2020-07-16,783.23999,783.23999,769.390015,775.070007,0,Holding,0.0,0.0,137.75994600000013,-3.320007999999916,134.4399380000002,2,20.43855403582821,-0.49256815843540014,19.94598587739281,811.7799660000002,808.4599580000003
135,2020-07-17,776.969971,783.320007,775.780029,783.219971,0,sell,7.8599850000000515,1.009774643627726,137.75994600000013,4.829956000000038,142.58990200000017,0,20.43855403582821,0.7165893974484672,21.15514343327668,811.7799660000002,816.6099220000002
136,2020-07-20,786.25,786.289978,776.969971,781.960022,0,No action,0.0,0.0,145.61993100000018,0.0,145.61993100000018,0,21.604689279110755,0.0,21.604689279110755,819.6399510000002,819.6399510000002
137,2020-07-21,787.299988,792.200012,785.75,790.580017,0,No action,0.0,0.0,145.61993100000018,0.0,145.61993100000018,0,21.604689279110755,0.0,21.604689279110755,819.6399510000002,819.6399510000002
138,2020-07-22,790.580017,795.320007,785.969971,794.98999,0,No action,0.0,0.0,145.61993100000018,0.0,145.61993100000018,0,21.604689279110755,0.0,21.604689279110755,819.6399510000002,819.6399510000002
139,2020-07-23,801.690002,801.690002,801.690002,801.690002,0,No action,0.0,0.0,145.61993100000018,0.0,145.61993100000018,0,21.604689279110755,0.0,21.604689279110755,819.6399510000002,819.6399510000002
140,2020-07-24,796.080017,804.609985,788.719971,794.799988,0,No action,0.0,0.0,145.61993100000018,0.0,145.61993100000018,0,21.604689279110755,0.0,21.604689279110755,819.6399510000002,819.6399510000002
141,2020-07-27,795.190002,804.580017,795.190002,801.22998,0,No action,0.0,0.0,145.61993100000018,0.0,145.61993100000018,0,21.604689279110755,0.0,21.604689279110755,819.6399510000002,819.6399510000002
142,2020-07-28,807.289978,810.969971,802.039978,807.849976,0,No action,0.0,0.0,145.61993100000018,0.0,145.61993100000018,0,21.604689279110755,0.0,21.604689279110755,819.6399510000002,819.6399510000002
143,2020-07-29,808.590027,808.590027,808.590027,808.590027,1,Buy,0.0,0.0,145.61993100000018,0.0,145.61993100000018,0,21.604689279110755,0.0,21.604689279110755,819.6399510000002,819.6399510000002
144,2020-07-30,814.190002,814.190002,814.190002,814.190002,1,Holding,0.0,0.0,145.61993100000018,5.599975000000086,151.21990600000026,1,21.604689279110755,0.8308321464991627,22.435521425609917,819.6399510000002,825.2399260000003
145,2020-07-31,817.52002,818.700012,814.22998,815.299988,0,Holding,0.0,0.0,145.61993100000018,6.709961000000021,152.3298920000002,2,21.604689279110755,0.9955136050706656,22.60020288418142,819.6399510000002,826.3499120000002
146,2020-08-03,820.409973,827.789978,815.150024,827.570007,1,Holding,0.0,0.0,145.61993100000018,18.97998000000007,164.59991100000025,3,21.604689279110755,2.815937128989146,24.420626408099903,819.6399510000002,838.6199310000003
147,2020-08-04,833.280029,835.349976,830.549988,835.349976,1,Holding,0.0,0.0,145.61993100000018,26.759949000000006,172.37988000000018,4,21.604689279110755,3.9702009148036885,25.574890193914445,819.6399510000002,846.3999000000002
148,2020-08-05,847.280029,847.280029,847.280029,847.280029,0,Holding,0.0,0.0,145.61993100000018,38.69000200000005,184.30993300000023,5,21.604689279110755,5.7401858775648895,27.344875156675645,819.6399510000002,858.3299530000003
149,2020-08-06,854.119995,854.119995,854.119995,854.119995,1,Holding,0.0,0.0,145.61993100000018,45.52996800000005,191.14989900000023,6,21.604689279110755,6.75498748538657,28.359676764497326,819.6399510000002,865.1699190000003
150,2020-08-07,858.299988,859.429993,849.01001,857.630005,1,Holding,0.0,0.0,145.61993100000018,49.03997800000002,194.6599090000002,7,21.604689279110755,7.275745014220797,28.880434293331554,819.6399510000002,868.6799290000002
151,2020-08-10,862.76001,862.76001,862.76001,862.76001,1,Holding,0.0,0.0,145.61993100000018,54.169983,199.78991400000018,8,21.604689279110755,8.036850745175194,29.641540024285952,819.6399510000002,873.8099340000002
152,2020-08-11,860.22998,860.22998,860.22998,860.22998,0,Holding,0.0,0.0,145.61993100000018,51.63995299999999,197.25988400000017,9,21.604689279110755,7.661486523797912,29.266175802908666,819.6399510000002,871.2799040000002
153,2020-08-12,845.599976,845.599976,845.599976,845.599976,1,Holding,0.0,0.0,145.61993100000018,37.009949000000006,182.62988000000018,10,21.604689279110755,5.490927257620627,27.09561653673138,819.6399510000002,856.6499000000002
154,2020-08-13,854.77002,854.77002,854.77002,854.77002,1,Holding,0.0,0.0,145.61993100000018,46.17999300000008,191.79992400000026,11,21.604689279110755,6.851427499141654,28.45611677825241,819.6399510000002,865.8199440000003
155,2020-08-14,854.710022,854.710022,831.150024,835.030029,1,Holding,0.0,0.0,145.61993100000018,26.44000200000005,172.05993300000023,12,21.604689279110755,3.922732443466597,25.527421722577355,819.6399510000002,846.0799530000003
156,2020-08-18,834.549988,834.549988,794.909973,800.219971,1,Holding,0.0,0.0,145.61993100000018,-8.370055999999977,137.2498750000002,13,21.604689279110755,-1.2418111853710185,20.362878093739738,819.6399510000002,811.2698950000002
157,2020-08-19,810.859985,818.73999,805.52002,818.73999,1,Holding,0.0,0.0,145.61993100000018,10.14996300000007,155.76989400000025,14,21.604689279110755,1.5058844988016928,23.11057377791245,819.6399510000002,829.7899140000003
158,2020-08-20,816.630005,821.109985,785.0,791.140015,1,Holding,0.0,0.0,145.61993100000018,-17.450012000000015,128.16991900000016,15,21.604689279110755,-2.588945651792363,19.015743627318393,819.6399510000002,802.1899390000002
159,2020-08-21,801.140015,802.700012,781.409973,796.01001,0,Holding,0.0,0.0,145.61993100000018,-12.580016999999998,133.03991400000018,16,21.604689279110755,-1.8664159263399915,19.73827335277076,819.6399510000002,807.0599340000002
160,2020-08-24,798.200012,815.73999,787.929993,815.73999,1,Holding,0.0,0.0,145.61993100000018,7.149963000000071,152.76989400000025,17,21.604689279110755,1.060793861879662,22.665483140990418,819.6399510000002,826.7899140000003
161,2020-08-25,821.530029,836.409973,820.02002,836.309998,1,Holding,0.0,0.0,145.61993100000018,27.719970999999987,173.33990200000017,18,21.604689279110755,4.112633182616739,25.717322461727495,819.6399510000002,847.3599220000002
162,2020-08-26,838.859985,842.47998,827.27002,841.349976,1,Holding,0.0,0.0,145.61993100000018,32.759949000000006,178.37988000000018,19,21.604689279110755,4.86038218864775,26.465071467758506,819.6399510000002,852.3999000000002
163,2020-08-27,842.380005,842.830017,832.73999,836.400024,1,Holding,0.0,0.0,145.61993100000018,27.809997000000067,173.42992800000025,20,21.604689279110755,4.1259897591765995,25.730679038287352,819.6399510000002,847.4499480000003
164,2020-08-28,841.76001,850.380005,837.859985,841.299988,1,Holding,0.0,0.0,145.61993100000018,32.70996100000002,178.3298920000002,21,21.604689279110755,4.852965791728266,26.45765507083902,819.6399510000002,852.3499120000002
165,2020-08-31,847.969971,852.539978,839.630005,848.23999,0,Holding,0.0,0.0,145.61993100000018,39.64996300000007,185.26989400000025,22,21.604689279110755,5.882609095201663,27.48729837431242,819.6399510000002,859.2899140000003
166,2020-09-01,850.580017,854.219971,847.530029,853.369995,1,Holding,0.0,0.0,145.61993100000018,44.77996800000005,190.39989900000023,23,21.604689279110755,6.643714826156061,28.248404105266818,819.6399510000002,864.4199190000003
167,2020-09-02,859.580017,866.869995,858.22998,866.73999,1,Holding,0.0,0.0,145.61993100000018,58.14996300000007,203.76989400000025,24,21.604689279110755,8.627334689554186,30.23202396866494,819.6399510000002,877.7899140000003
168,2020-09-03,871.02002,874.159973,869.840027,874.130005,1,Holding,0.0,0.0,145.61993100000018,65.53997800000002,211.1599090000002,25,21.604689279110755,9.723743517291966,31.328432796402723,819.6399510000002,885.1799290000002
169,2020-09-04,841.369995,866.900024,841.369995,866.039978,1,Holding,0.0,0.0,145.61993100000018,57.449951000000056,203.06988200000023,26,21.604689279110755,8.523478427243163,30.12816770635392,819.6399510000002,877.0899020000003
170,2020-09-07,872.030029,879.359985,864.390015,878.880005,0,Holding,0.0,0.0,145.61993100000018,70.28997800000002,215.9099090000002,27,21.604689279110755,10.428470359085182,32.03315963819593,819.6399510000002,889.9299290000002
171,2020-09-08,884.719971,887.01001,874.309998,878.289978,1,Holding,0.0,0.0,145.61993100000018,69.69995100000006,215.31988200000023,28,21.604689279110755,10.340931861341456,31.945621140452214,819.6399510000002,889.3399020000003
172,2020-09-09,864.909973,877.669983,864.169983,869.469971,1,Holding,0.0,0.0,145.61993100000018,60.87994400000002,206.4998750000002,29,21.604689279110755,9.032364350245862,30.637053629356615,819.6399510000002,880.5198950000002
173,2020-09-10,881.119995,884.299988,874.77002,884.299988,1,Holding,0.0,0.0,145.61993100000018,75.70996100000002,221.3298920000002,30,21.604689279110755,11.232598254277375,32.837287533388135,819.6399510000002,895.3499120000002
174,2020-09-11,881.22998,888.440002,877.580017,888.440002,0,Holding,0.0,0.0,145.61993100000018,79.84997500000009,225.46990600000026,31,21.604689279110755,11.846825410319427,33.451514689430184,819.6399510000002,899.4899260000003
175,2020-09-14,894.380005,894.799988,886.47998,894.169983,0,sell,90.03997800000002,11.1354301924874,145.61993100000018,85.57995600000004,231.19988700000022,0,21.604689279110755,12.69694570793313,34.30163498704389,819.6399510000002,905.2199070000003
176,2020-09-15,898.630005,899.640015,893.23999,899.460022,1,Buy,0.0,0.0,235.6599090000002,0.0,235.6599090000002,0,34.96333966459931,0.0,34.96333966459931,909.6799290000002,909.6799290000002
177,2020-09-16,901.75,905.559998,891.98999,896.280029,0,Holding,0.0,0.0,235.6599090000002,-3.1799929999999677,232.47991600000023,1,34.96333966459931,-0.4717950365925284,34.49154462800678,909.6799290000002,906.4999360000003
178,2020-09-17,897.880005,898.429993,883.5,885.179993,0,sell,-9.990050999999994,-1.1106720427425505,235.6599090000002,-14.280029000000013,221.37988000000018,0,34.96333966459931,-2.118635734291692,32.84470393030762,909.6799290000002,895.3999000000002
179,2020-09-18,889.469971,892.390015,878.780029,888.880005,0,No action,0.0,0.0,225.6698580000002,0.0,225.6698580000002,0,33.481180277108116,0.0,33.481180277108116,899.6898780000002,899.6898780000002
180,2020-09-21,889.940002,892.340027,859.400024,866.98999,1,Buy,0.0,0.0,225.6698580000002,0.0,225.6698580000002,0,33.481180277108116,0.0,33.481180277108116,899.6898780000002,899.6898780000002
181,2020-09-22,867.719971,867.890015,838.130005,842.719971,1,Holding,0.0,0.0,225.6698580000002,-24.270019000000048,201.39983900000016,1,33.481180277108116,-3.6007860716066036,29.880394205501513,899.6898780000002,875.4198590000002
182,2020-09-23,855.570007,856.140015,821.890015,843.450012,1,Holding,0.0,0.0,225.6698580000002,-23.53997800000002,202.12988000000018,2,33.481180277108116,-3.492474600383534,29.98870567672458,899.6898780000002,876.1499000000002
183,2020-09-24,825.73999,833.039978,804.280029,806.950012,0,Holding,0.0,0.0,225.6698580000002,-60.03997800000002,165.62988000000018,3,33.481180277108116,-8.907744016268243,24.573436260839873,899.6898780000002,839.6499000000002
184,2020-09-25,817.950012,820.73999,799.530029,808.280029,0,sell,-46.27001900000005,-5.336857349414155,225.6698580000002,-58.70996100000002,166.95989700000018,0,33.481180277108116,-8.710417978385868,24.77076229872225,899.6898780000002,840.9799170000002
185,2020-09-28,820.719971,836.150024,819.859985,835.909973,1,Buy,0.0,0.0,179.39983900000016,0.0,179.39983900000016,0,26.616396201406623,0.0,26.616396201406623,853.4198590000002,853.4198590000002
186,2020-09-29,844.690002,848.590027,839.679993,848.150024,0,Holding,0.0,0.0,179.39983900000016,12.240050999999994,191.63989000000015,1,26.616396201406623,1.8159773651827127,28.43237356658933,853.4198590000002,865.6599100000002
187,2020-10-05,848.669983,858.820007,843.059998,858.390015,1,Holding,0.0,0.0,179.39983900000016,22.480041999999912,201.87988100000007,2,26.616396201406623,3.335218737271322,29.951614938677945,853.4198590000002,875.8999010000001
188,2020-10-06,863.73999,866.669983,855.650024,862.580017,0,Holding,0.0,0.0,179.39983900000016,26.67004399999996,206.06988300000012,3,26.616396201406623,3.956862290232857,30.57325849163948,853.4198590000002,880.0899030000002
189,2020-10-07,856.700012,869.690002,856.659973,869.659973,0,sell,39.21002199999998,4.690699150206212,179.39983900000016,33.75,213.14983900000016,0,26.616396201406623,5.0072696653728475,31.623665866779465,853.4198590000002,887.1698590000002
190,2020-10-08,875.119995,875.590027,867.630005,871.619995,0,No action,0.0,0.0,218.6098610000001,0.0,218.6098610000001,0,32.433734089975566,0.0,32.433734089975566,892.6298810000002,892.6298810000002
191,2020-10-12,875.25,875.25,868.01001,873.5,0,No action,0.0,0.0,218.6098610000001,0.0,218.6098610000001,0,32.433734089975566,0.0,32.433734089975566,892.6298810000002,892.6298810000002
192,2020-10-13,878.150024,878.150024,865.950012,871.919983,0,No action,0.0,0.0,218.6098610000001,0.0,218.6098610000001,0,32.433734089975566,0.0,32.433734089975566,892.6298810000002,892.6298810000002
193,2020-10-14,873.039978,875.02002,859.880005,861.47998,1,Buy,0.0,0.0,218.6098610000001,0.0,218.6098610000001,0,32.433734089975566,0.0,32.433734089975566,892.6298810000002,892.6298810000002
194,2020-10-15,861.369995,861.369995,833.549988,844.440002,0,Holding,0.0,0.0,218.6098610000001,-17.039977999999905,201.5698830000002,1,32.433734089975566,-2.528111553719117,29.905622536256445,892.6298810000002,875.5899030000003
195,2020-10-16,845.630005,849.200012,822.580017,833.840027,0,sell,-24.64996299999996,-2.8613506491468272,218.6098610000001,-27.63995299999999,190.96990800000012,0,32.433734089975566,-4.100761428421665,28.332972661553896,892.6298810000002,864.9899280000002
196,2020-10-19,836.830017,838.630005,821.5,822.25,0,No action,0.0,0.0,193.95989800000015,0.0,193.95989800000015,0,28.77657817938407,0.0,28.77657817938407,867.9799180000002,867.9799180000002
197,2020-10-20,816.159973,825.960022,803.23999,824.650024,1,Buy,0.0,0.0,193.95989800000015,0.0,193.95989800000015,0,28.77657817938407,0.0,28.77657817938407,867.9799180000002,867.9799180000002
198,2020-10-21,827.349976,830.950012,819.659973,830.669983,1,Holding,0.0,0.0,193.95989800000015,6.019958999999972,199.97985700000012,1,28.77657817938407,0.8931424618514998,29.66972064123557,867.9799180000002,873.9998770000002
199,2020-10-22,826.710022,826.710022,812.700012,812.700012,0,Holding,0.0,0.0,193.95989800000015,-11.950012000000015,182.00988600000014,2,28.77657817938407,-1.7729461507686395,27.00363202861543,867.9799180000002,856.0299060000002
200,2020-10-23,817.700012,817.700012,804.75,807.97998,1,Holding,0.0,0.0,193.95989800000015,-16.670044000000075,177.28985400000008,3,28.77657817938407,-2.473226833826104,26.303351345557964,867.9799180000002,851.3098740000001
201,2020-10-26,808.059998,808.059998,776.700012,778.02002,0,Holding,0.0,0.0,193.95989800000015,-46.630003999999985,147.32989400000017,4,28.77657817938407,-6.918192726678947,21.85838545270512,867.9799180000002,821.3499140000002
202,2020-10-27,771.840027,794.039978,766.960022,783.72998,1,Holding,0.0,0.0,193.95989800000015,-40.920044000000075,153.03985400000008,5,28.77657817938407,-6.07104281561252,22.70553536377155,867.9799180000002,827.0598740000001
203,2020-10-28,784.880005,806.200012,784.880005,806.200012,0,Holding,0.0,0.0,193.95989800000015,-18.450012000000015,175.50988600000014,6,28.77657817938407,-2.7373091974330395,26.03926898195103,867.9799180000002,849.5299060000002
204,2020-10-29,791.02002,814.159973,791.02002,813.929993,0,sell,-10.490050999999994,-1.2720609585527634,193.95989800000015,-10.720031000000063,183.2398670000001,0,28.77657817938407,-1.590461808537981,27.186116370846086,867.9799180000002,857.2598870000002
205,2020-10-30,814.159973,814.590027,791.299988,792.650024,0,No action,0.0,0.0,183.4698470000002,0.0,183.4698470000002,0,27.220237019072545,0.0,27.220237019072545,857.4898670000002,857.4898670000002
206,2020-11-02,796.460022,805.919983,789.849976,802.950012,0,No action,0.0,0.0,183.4698470000002,0.0,183.4698470000002,0,27.220237019072545,0.0,27.220237019072545,857.4898670000002,857.4898670000002
207,2020-11-03,810.01001,821.280029,810.01001,818.460022,1,Buy,0.0,0.0,183.4698470000002,0.0,183.4698470000002,0,27.220237019072545,0.0,27.220237019072545,857.4898670000002,857.4898670000002
208,2020-11-04,826.039978,828.890015,814.76001,826.969971,1,Holding,0.0,0.0,183.4698470000002,8.509949000000006,191.9797960000002,1,27.220237019072545,1.2625662068613341,28.48280322593388,857.4898670000002,865.9998160000002
209,2020-11-05,833.369995,845.809998,831.780029,844.799988,1,Holding,0.0,0.0,183.4698470000002,26.339966000000004,209.8098130000002,2,27.220237019072545,3.9078907478148794,31.128127766887424,857.4898670000002,883.8298330000002
210,2020-11-06,849.179993,849.390015,832.27002,836.780029,1,Holding,0.0,0.0,183.4698470000002,18.320007000000032,201.78985400000022,3,27.220237019072545,2.718021194682026,29.93825821375457,857.4898670000002,875.8098740000003
211,2020-11-09,845.809998,851.210022,845.169983,851.210022,1,Holding,0.0,0.0,183.4698470000002,32.75,216.2198470000002,4,27.220237019072545,4.85890611973217,32.07914313880472,857.4898670000002,890.2398670000002
212,2020-11-10,844.219971,844.219971,835.27002,840.789978,0,Holding,0.0,0.0,183.4698470000002,22.32995600000004,205.79980300000022,5,27.220237019072545,3.3129514461603136,30.533188465232858,857.4898670000002,879.8198230000003
213,2020-11-11,840.890015,842.76001,829.530029,839.900024,1,Holding,0.0,0.0,183.4698470000002,21.44000200000005,204.90984900000024,6,27.220237019072545,3.1809147152632127,30.40115173433576,857.4898670000002,878.9298690000003
214,2020-11-12,844.640015,846.869995,835.950012,840.080017,1,Holding,0.0,0.0,183.4698470000002,21.619995000000017,205.0898420000002,7,27.220237019072545,3.2076191149337103,30.427856134006255,857.4898670000002,879.1098620000002
215,2020-11-13,837.280029,839.539978,826.169983,839.140015,1,Holding,0.0,0.0,183.4698470000002,20.679992999999968,204.14984000000015,8,27.220237019072545,3.0681570853043754,30.28839410437692,857.4898670000002,878.1698600000002
216,2020-11-16,843.48999,849.799988,841.599976,847.330017,0,Holding,0.0,0.0,183.4698470000002,28.869995000000017,212.3398420000002,9,27.220237019072545,4.283254820828618,31.503491839901166,857.4898670000002,886.3598620000002
217,2020-11-17,846.549988,846.549988,836.0,839.469971,0,sell,24.089966000000004,2.943328366990172,183.4698470000002,21.009949000000006,204.4797960000002,0,27.220237019072545,3.117110527369796,30.337347546442338,857.4898670000002,878.4998160000002
218,2020-11-18,842.549988,852.27002,840.429993,851.73999,1,Buy,0.0,0.0,207.5598130000002,0.0,207.5598130000002,0,30.7943097891959,0.0,30.7943097891959,881.5798330000002,881.5798330000002
219,2020-11-19,851.679993,860.98999,849.719971,859.940002,1,Holding,0.0,0.0,207.5598130000002,8.200012000000015,215.7598250000002,1,30.7943097891959,1.2165828546161008,32.01089264381201,881.5798330000002,889.7798450000003
220,2020-11-20,863.070007,870.780029,861.289978,870.179993,0,Holding,0.0,0.0,207.5598130000002,18.440002999999933,225.99981600000012,2,30.7943097891959,2.73582422670471,33.530134015900614,881.5798330000002,900.0198360000002
221,2020-11-23,872.219971,875.26001,868.599976,873.289978,0,sell,24.910034,2.9246054303497004,207.5598130000002,21.549987999999985,229.10980100000018,0,30.7943097891959,3.197232628194038,33.991542417389944,881.5798330000002,903.1298210000002
222,2020-11-24,876.650024,876.890015,868.890015,872.099976,0,No action,0.0,0.0,232.4698470000002,0.0,232.4698470000002,0,34.49005075546572,0.0,34.49005075546572,906.4898670000002,906.4898670000002
223,2020-11-25,877.349976,878.76001,855.280029,865.119995,0,No action,0.0,0.0,232.4698470000002,0.0,232.4698470000002,0,34.49005075546572,0.0,34.49005075546572,906.4898670000002,906.4898670000002
224,2020-11-26,868.599976,875.26001,861.049988,874.530029,1,Buy,0.0,0.0,232.4698470000002,0.0,232.4698470000002,0,34.49005075546572,0.0,34.49005075546572,906.4898670000002,906.4898670000002
225,2020-11-27,876.369995,886.200012,875.450012,885.559998,1,Holding,0.0,0.0,232.4698470000002,11.029968999999937,243.49981600000012,1,34.49005075546572,1.6364453091467426,36.12649606461245,906.4898670000002,917.5198360000002
226,2020-11-30,890.650024,891.530029,885.650024,886.109985,1,Holding,0.0,0.0,232.4698470000002,11.579956000000038,244.04980300000022,2,34.49005075546572,1.7180433305230367,36.20809408598875,906.4898670000002,918.0698230000003
227,2020-12-01,889.530029,892.219971,883.23999,891.289978,0,Holding,0.0,0.0,232.4698470000002,16.759949000000006,249.2297960000002,3,34.49005075546572,2.486565458396919,36.976616213862634,906.4898670000002,923.2498160000002
228,2020-12-02,894.940002,899.869995,891.609985,899.340027,1,Holding,0.0,0.0,232.4698470000002,24.80999799999995,257.27984500000014,4,34.49005075546572,3.6808992706180965,38.17095002608381,906.4898670000002,931.2998650000002
229,2020-12-03,901.609985,907.719971,900.090027,907.609985,0,Holding,0.0,0.0,232.4698470000002,33.07995600000004,265.5498030000002,5,34.49005075546572,4.907859561797591,39.39791031726331,906.4898670000002,939.5698230000003
230,2020-12-04,909.98999,914.27002,908.23999,913.76001,1,Holding,0.0,0.0,232.4698470000002,39.22998099999995,271.69982800000014,6,34.49005075546572,5.820299076576382,40.3103498320421,906.4898670000002,945.7198480000002
231,2020-12-07,914.150024,927.349976,910.359985,926.880005,1,Holding,0.0,0.0,232.4698470000002,52.34997599999997,284.81982300000016,7,34.49005075546572,7.766828053564338,42.256878809030056,906.4898670000002,958.8398430000002
232,2020-12-08,927.690002,933.140015,906.309998,906.840027,1,Holding,0.0,0.0,232.4698470000002,32.30999799999995,264.77984500000014,8,34.49005075546572,4.793625862923174,39.28367661838889,906.4898670000002,938.7998650000002
233,2020-12-09,908.049988,917.210022,904.450012,913.809998,1,Holding,0.0,0.0,232.4698470000002,39.27996899999994,271.7498160000001,9,34.49005075546572,5.827715473495867,40.31776622896158,906.4898670000002,945.7698360000002
234,2020-12-10,913.02002,922.130005,905.76001,921.700012,1,Holding,0.0,0.0,232.4698470000002,47.169983,279.6398300000002,10,34.49005075546572,6.998305925690457,41.488356681156176,906.4898670000002,953.6598500000002
235,2020-12-11,925.299988,929.22998,923.390015,928.440002,1,Holding,0.0,0.0,232.4698470000002,53.909973000000036,286.3798200000002,11,34.49005075546572,7.998274739673168,42.48832549513889,906.4898670000002,960.3998400000003
236,2020-12-14,930.780029,935.900024,924.52002,929.539978,0,Holding,0.0,0.0,232.4698470000002,55.009949000000006,287.4797960000002,12,34.49005075546572,8.161471079152813,42.65152183461853,906.4898670000002,961.4998160000002
237,2020-12-15,930.72998,934.299988,921.27002,931.27002,0,sell,57.87994400000002,6.6184055527726215,232.4698470000002,56.73999100000003,289.2098380000002,0,34.49005075546572,8.418146244380106,42.90819699984582,906.4898670000002,963.2298580000003
238,2020-12-16,932.409973,941.450012,932.409973,939.650024,1,Buy,0.0,0.0,290.3497910000002,0.0,290.3497910000002,0,43.07732446878955,0.0,43.07732446878955,964.3698110000003,964.3698110000003
239,2020-12-17,938.880005,948.429993,938.880005,944.039978,0,Holding,0.0,0.0,290.3497910000002,4.389953999999989,294.7397450000002,1,43.07732446878955,0.6513091406394708,43.72863360942902,964.3698110000003,968.7597650000002
240,2020-12-18,945.809998,948.590027,942.460022,947.23999,0,sell,8.989990999999918,0.9567382291685992,290.3497910000002,7.589966000000004,297.9397570000002,0,43.07732446878955,1.126074267052187,44.20339873584173,964.3698110000003,971.9597770000003
241,2020-12-21,948.640015,954.340027,940.97998,953.580017,1,Buy,0.0,0.0,299.3397820000001,0.0,299.3397820000001,0,44.41111140882731,0.0,44.41111140882731,973.3598020000002,973.3598020000002
242,2020-12-22,953.47998,953.47998,928.51001,928.72998,0,Holding,0.0,0.0,299.3397820000001,-24.850037000000043,274.4897450000001,1,44.41111140882731,-3.6868395986220173,40.724271810205295,973.3598020000002,948.5097650000001
243,2020-12-23,932.25,938.909973,918.440002,923.169983,1,Holding,0.0,0.0,299.3397820000001,-30.410033999999996,268.92974800000013,2,44.41111140882731,-4.511740467293538,39.899370941533775,973.3598020000002,942.9497680000002
244,2020-12-24,924.340027,933.390015,920.530029,928.679993,1,Holding,0.0,0.0,299.3397820000001,-24.90002400000003,274.4397580000001,3,44.41111140882731,-3.694255847177956,40.71685556164935,973.3598020000002,948.4597780000001
245,2020-12-28,930.070007,937.76001,923.960022,927.0,1,Holding,0.0,0.0,299.3397820000001,-26.580016999999998,272.75976500000013,4,44.41111140882731,-3.9435055653094695,40.46760584351784,973.3598020000002,946.7797850000002
246,2020-12-29,928.580017,957.47998,928.580017,957.409973,1,Holding,0.0,0.0,299.3397820000001,3.8299560000000383,303.16973800000017,5,44.41111140882731,0.5682258518077903,44.9793372606351,973.3598020000002,977.1897580000002
247,2020-12-30,957.380005,971.039978,955.380005,968.419983,0,sell,14.839966000000004,1.55623709971263,299.3397820000001,14.839966000000004,314.17974800000013,0,44.41111140882731,2.2017099729470946,46.6128213817744,973.3598020000002,988.1997680000002
