,True_Label,LSTM_5,LSTM_20,LSTM_60,LSTM_120,VIT_5,VIT_20,VIT_60,VIT_120
0,1,0,0,0,0,0,0,0,0
1,0,0,0,0,0,1,0,0,0
2,1,0,0,0,0,0,0,0,0
3,1,0,0,0,0,0,0,0,0
4,1,0,0,0,0,1,0,0,0
5,1,0,0,0,0,0,0,0,0
6,1,0,0,0,0,0,0,0,0
7,1,0,0,0,0,0,0,0,0
8,1,0,0,0,0,0,0,0,0
9,0,0,0,0,0,0,0,0,0
10,0,0,0,0,0,0,0,0,0
11,0,0,0,0,0,0,0,0,0
12,0,0,0,0,0,0,0,0,0
13,0,0,0,0,0,0,0,0,0
14,1,0,0,0,0,0,0,0,0
15,1,0,0,0,0,0,0,0,0
16,1,0,0,0,0,0,0,0,0
17,0,0,0,0,0,0,0,0,0
18,0,0,0,0,0,0,0,0,0
19,0,0,0,0,0,0,0,0,0
20,0,0,0,0,0,0,0,0,0
21,0,0,0,0,0,0,0,0,0
22,0,0,0,0,0,0,0,0,0
23,0,0,0,0,0,0,0,0,0
24,0,0,0,0,0,0,0,0,0
25,0,0,0,0,0,0,0,0,0
26,1,0,0,0,0,0,0,0,0
27,0,0,0,0,0,0,0,0,0
28,0,0,0,0,0,0,0,0,0
29,0,0,0,0,0,0,0,0,0
30,1,0,0,0,0,0,0,0,0
31,0,0,0,0,0,0,0,0,0
32,0,0,0,0,0,0,0,0,0
33,0,0,0,0,0,0,0,0,0
34,0,0,0,0,0,0,0,0,0
35,1,0,0,0,0,0,0,0,0
36,1,1,0,0,0,0,0,0,0
37,1,1,0,0,0,0,0,0,0
38,1,1,1,0,0,0,0,0,0
39,1,1,1,0,0,0,0,0,0
40,0,1,1,0,0,0,0,0,0
41,1,1,1,0,0,0,0,0,0
42,0,1,1,0,0,0,0,0,0
43,0,0,1,0,0,0,0,0,0
44,0,0,1,0,0,0,0,0,0
45,1,1,1,0,0,0,0,0,0
46,0,1,1,0,0,0,0,0,0
47,1,1,1,0,0,0,0,0,0
48,1,1,1,0,0,0,0,0,0
49,1,1,1,0,0,0,0,0,0
50,1,1,1,0,0,0,0,0,0
51,1,1,1,1,0,0,0,0,0
52,1,1,1,1,0,0,0,0,0
53,1,1,1,1,0,0,0,0,0
54,1,1,1,1,0,0,0,0,0
55,1,1,1,1,0,0,0,0,0
56,1,1,1,1,0,0,0,0,0
57,1,1,1,1,0,0,0,0,0
58,1,1,1,1,0,0,0,0,0
59,1,0,1,1,0,0,0,0,0
60,1,0,1,1,0,0,0,0,0
61,1,0,1,1,0,0,0,0,0
62,0,0,1,1,0,0,0,0,0
63,0,0,1,1,0,0,0,0,0
64,0,0,1,1,0,0,0,0,0
65,0,0,1,1,0,0,1,0,0
66,1,0,1,1,0,1,0,0,0
67,1,0,1,1,0,0,0,0,0
68,1,0,0,1,0,0,0,0,0
69,1,0,0,1,0,0,0,0,0
70,1,0,0,1,0,0,0,0,0
71,1,0,0,1,0,0,0,0,0
72,1,0,0,1,0,0,0,1,0
73,1,0,0,1,0,0,0,0,0
74,1,0,0,1,0,0,0,0,0
75,1,0,0,1,0,0,0,0,0
76,0,0,0,1,0,0,0,0,0
77,1,0,0,1,0,0,0,0,0
78,0,0,0,1,0,0,0,0,0
79,0,0,0,1,0,0,0,0,0
80,0,0,0,1,0,0,0,0,0
81,0,0,0,1,0,0,0,0,0
82,0,0,0,1,0,0,0,0,0
83,0,0,0,1,0,0,0,0,0
84,0,0,0,1,0,0,0,0,0
85,0,0,0,1,0,0,0,0,0
86,0,0,0,1,0,0,0,0,0
87,0,0,0,1,0,0,0,0,0
88,0,0,0,1,0,0,0,0,0
89,0,0,0,0,0,0,0,0,0
90,0,1,0,0,0,0,0,0,0
91,0,1,0,0,0,0,0,0,0
92,0,1,0,0,0,0,0,0,0
93,0,1,0,0,0,0,0,0,0
94,1,1,0,0,0,0,0,0,0
95,1,1,0,0,0,0,0,0,0
96,1,1,0,0,0,0,0,0,0
97,1,1,0,0,0,0,0,0,0
98,1,1,0,0,0,0,0,0,0
99,1,1,0,0,0,0,0,0,0
100,0,0,0,0,0,0,0,0,0
101,0,0,1,0,0,0,0,0,0
102,0,0,1,0,0,0,0,0,0
103,0,0,1,0,0,0,0,0,0
104,0,1,1,0,0,0,0,0,0
105,0,0,1,0,0,0,0,0,0
106,0,0,1,0,0,0,0,0,0
107,1,0,1,0,0,0,0,0,0
108,1,0,1,0,0,0,0,0,0
109,0,0,1,0,0,0,0,0,0
110,0,0,1,0,0,0,0,0,0
111,0,0,1,0,0,0,0,0,0
112,1,1,1,0,0,0,0,0,0
113,1,1,1,0,0,0,0,0,0
114,1,1,1,0,0,0,1,0,0
115,1,1,1,0,0,0,0,0,0
116,1,1,1,0,1,0,0,0,0
117,0,1,0,0,1,0,0,0,0
118,1,1,0,0,1,0,0,0,0
119,1,0,0,1,1,0,0,0,0
120,1,1,0,1,1,0,0,0,0
121,1,1,0,1,1,0,0,0,0
122,1,1,1,1,1,0,0,0,0
123,1,1,1,1,1,0,0,0,0
124,0,0,1,1,1,1,0,0,0
125,0,0,1,1,1,0,0,0,0
126,0,0,1,1,1,0,0,0,0
127,0,0,1,1,1,0,0,0,0
128,0,0,1,1,1,1,0,0,0
129,1,0,1,1,1,0,0,0,0
130,1,0,1,1,1,0,0,0,0
131,1,0,1,1,1,0,0,0,0
132,1,0,1,1,1,0,0,0,0
133,1,0,0,1,1,0,0,0,0
134,1,0,0,1,1,0,0,0,0
135,1,0,0,1,1,1,0,0,0
136,1,0,0,1,1,0,0,0,0
137,0,0,0,1,1,0,0,0,0
138,1,0,0,1,1,0,0,0,0
139,0,0,0,0,1,0,0,0,0
140,0,0,0,0,1,0,1,0,0
141,0,0,0,0,1,0,0,0,0
142,0,0,0,0,1,0,0,0,0
143,0,0,0,0,1,0,0,0,0
144,0,0,0,0,1,0,0,0,0
145,0,0,0,0,1,0,0,0,0
146,0,0,0,0,1,0,0,0,0
147,0,0,0,0,1,0,0,0,0
148,0,0,0,0,1,0,0,0,0
149,1,1,0,0,1,0,0,0,0
150,1,1,0,0,1,1,0,0,0
151,1,1,0,0,1,0,0,0,0
152,1,0,0,0,1,0,0,0,0
153,0,0,0,0,1,0,0,0,0
154,0,0,0,0,1,0,0,0,0
155,0,0,0,0,1,0,0,0,0
156,1,0,1,0,0,0,0,0,0
157,1,0,1,0,0,0,0,0,0
158,1,1,1,0,0,0,0,0,0
159,1,1,1,0,0,0,0,0,0
160,1,1,1,1,0,0,0,0,0
161,1,1,1,1,0,0,0,0,0
162,1,1,1,1,0,0,0,0,0
163,0,1,1,1,0,0,0,0,0
164,0,0,1,1,0,0,0,0,0
165,0,0,1,1,0,0,0,0,0
166,0,0,1,1,0,0,0,0,0
167,1,1,1,1,0,0,0,0,0
168,1,1,1,1,0,0,0,0,0
169,0,1,1,1,0,0,0,0,0
170,0,1,1,1,0,0,0,0,0
171,0,1,1,1,0,0,0,0,0
172,1,1,1,1,0,0,0,0,0
173,1,1,1,1,0,0,0,0,0
174,0,1,1,1,1,0,0,0,0
175,0,1,1,1,1,0,0,0,0
176,0,1,1,1,1,0,0,0,0
177,0,1,1,1,1,0,0,0,0
178,0,1,1,1,1,0,0,0,0
179,1,1,1,1,1,0,0,0,0
180,1,1,1,1,1,0,0,0,0
181,0,1,1,1,1,0,0,0,0
182,1,1,1,1,1,0,0,0,0
183,0,1,1,1,1,0,0,0,0
184,0,1,1,1,1,0,0,0,0
185,1,1,1,1,1,0,0,0,0
186,1,1,1,1,1,0,0,0,0
187,1,0,1,1,1,0,0,0,0
188,1,1,1,1,1,0,0,0,0
189,1,1,1,1,1,0,0,0,0
190,1,1,1,1,1,0,0,0,0
191,1,1,1,1,1,0,0,0,0
192,1,0,1,1,1,0,0,0,0
193,1,1,1,1,1,0,0,0,0
194,0,1,1,1,1,0,0,0,0
195,1,1,1,1,1,0,0,0,0
196,1,1,1,1,1,1,0,0,0
197,1,1,1,1,1,0,0,0,0
198,1,0,1,1,1,1,0,0,0
199,1,0,1,1,1,0,0,0,0
200,1,0,1,1,1,0,0,0,0
201,1,0,1,1,1,0,0,0,0
202,0,0,1,1,1,0,0,0,0
203,0,0,1,1,1,1,0,0,0
204,0,0,1,1,1,0,0,0,0
205,0,0,0,1,1,0,0,0,0
206,1,0,0,1,1,0,0,0,0
207,1,0,0,1,1,0,0,0,0
208,0,0,0,1,1,0,0,0,0
209,0,0,0,1,1,0,0,0,0
210,0,0,0,1,1,0,0,0,0
211,0,0,0,1,1,1,0,0,0
212,1,0,0,1,1,0,0,0,0
213,1,0,0,1,1,0,0,0,0
214,0,0,0,1,1,0,0,0,0
215,0,0,0,1,1,0,0,0,0
216,0,0,0,1,1,1,0,0,0
217,0,0,0,0,1,0,0,0,0
218,0,0,0,0,1,0,0,0,0
219,0,0,0,0,1,0,0,0,0
220,0,0,0,0,1,0,0,0,0
221,1,0,0,0,1,0,0,0,0
222,1,0,0,0,1,0,0,0,0
223,1,0,0,0,1,0,0,0,0
224,1,0,0,0,1,0,0,0,0
225,1,1,0,0,1,0,0,0,0
226,1,1,0,0,1,0,0,0,0
227,0,1,0,0,1,0,0,0,0
228,0,0,0,0,1,0,0,0,0
229,0,0,0,0,1,0,0,0,0
230,0,0,0,0,1,0,0,0,0
231,0,0,0,0,1,0,0,0,0
232,0,0,0,0,1,0,0,0,0
233,0,0,0,0,1,0,0,0,0
234,0,0,1,0,1,0,0,0,0
235,0,0,1,0,1,0,0,0,0
236,0,0,1,0,1,0,0,0,0
237,1,0,1,0,1,0,0,0,0
238,0,0,1,0,1,0,0,0,0
239,1,0,1,0,1,0,0,0,0
240,1,0,1,0,1,0,0,0,0
241,0,0,1,0,1,0,0,0,0
242,0,0,0,0,1,0,0,0,0
243,0,0,0,0,1,0,0,0,0
244,0,0,0,0,1,0,0,0,0
245,1,0,0,0,1,0,0,0,0
246,1,0,0,0,1,0,0,0,0
247,1,0,0,0,1,0,0,0,0
248,1,0,0,0,1,0,0,0,0
249,0,0,0,0,1,0,0,0,0
250,0,0,0,0,1,0,0,0,0
251,0,0,0,0,1,0,0,0,0
252,1,0,0,0,1,0,0,0,0
253,1,0,0,0,1,0,0,0,0
254,1,0,0,0,1,0,0,0,0
255,1,0,0,0,1,0,0,0,0
256,1,0,1,0,1,0,0,0,0
257,1,0,1,0,1,0,0,0,0
258,1,0,1,0,1,0,0,0,0
259,1,0,1,0,1,0,1,0,0
260,1,0,0,0,1,0,0,0,0
261,1,0,0,0,1,0,0,0,0
262,1,0,0,0,1,0,0,0,0
263,1,0,0,0,1,0,0,0,0
264,1,0,0,0,1,0,0,0,0
265,0,0,0,0,1,0,0,0,0
266,1,0,0,0,1,0,0,0,0
267,1,0,0,0,1,0,0,0,0
268,1,0,0,0,1,0,0,0,0
269,1,0,0,0,1,0,0,0,0
270,1,0,0,0,1,0,0,0,0
271,1,0,0,0,0,0,0,0,0
272,1,0,0,0,0,0,0,0,0
273,1,0,0,0,0,0,0,0,0
274,0,0,0,0,0,0,0,0,0
275,1,0,0,0,0,0,0,0,0
276,1,0,0,0,0,0,0,0,0
277,1,0,0,0,0,0,0,0,0
278,0,0,0,0,0,0,0,0,0
279,1,0,0,0,0,1,0,0,0
280,0,0,0,0,0,0,0,0,0
281,0,0,0,0,0,0,0,0,0
282,0,0,0,0,0,0,1,0,0
283,0,0,0,0,0,0,0,0,0
284,1,0,0,0,0,0,0,0,0
285,0,0,0,0,0,0,0,0,0
286,1,0,0,0,0,0,0,0,0
287,1,0,0,0,0,0,0,0,0
288,0,0,0,0,0,0,0,0,0
289,0,0,0,0,0,0,0,0,0
290,0,0,0,0,0,0,0,0,0
291,1,0,0,0,0,0,0,0,0
292,1,0,0,0,0,0,0,0,0
293,1,0,0,0,0,0,0,0,0
294,1,1,0,0,0,0,0,0,0
295,1,1,0,0,0,0,0,0,0
296,1,1,0,0,0,0,0,0,0
297,0,1,0,0,0,0,0,0,0
298,0,0,0,0,0,0,0,0,0
299,0,0,0,0,0,0,1,0,0
300,0,0,0,0,0,0,1,0,0
301,0,0,0,0,0,0,0,0,0
302,1,0,0,0,0,0,0,0,0
303,1,0,0,0,0,0,0,0,0
304,0,0,0,0,0,0,0,0,0
305,1,0,0,0,0,0,0,0,0
306,0,0,0,0,0,0,0,0,0
307,0,0,0,0,0,0,0,0,0
308,1,0,0,0,0,0,0,0,0
309,1,0,0,0,0,0,0,0,0
310,0,0,0,0,0,0,0,0,0
311,0,0,0,0,0,0,0,0,0
312,0,0,0,0,0,0,0,0,0
313,0,0,0,0,0,0,0,0,0
314,0,0,0,0,0,0,0,0,0
315,0,0,0,0,0,0,1,0,0
316,1,0,0,0,0,0,0,0,0
317,1,0,0,0,0,0,0,0,0
318,0,0,0,0,0,0,0,0,0
319,0,0,0,0,0,0,0,0,0
320,0,0,0,0,0,0,0,0,0
321,0,0,0,0,0,0,0,0,0
322,0,0,0,0,0,0,0,0,0
323,0,0,0,0,0,0,0,0,0
324,0,0,0,0,0,0,0,0,0
325,1,0,0,0,0,0,0,0,0
326,1,0,0,0,0,0,0,0,0
327,1,1,0,0,0,0,0,0,0
328,1,1,0,0,0,0,0,0,0
329,0,1,1,0,0,0,0,0,0
330,0,1,1,0,0,0,0,0,0
331,0,0,1,0,0,0,0,0,0
332,0,0,1,0,0,0,0,0,0
333,0,0,1,0,0,0,0,0,0
334,0,0,1,0,0,0,0,0,1
335,0,0,1,1,0,0,0,0,0
336,0,0,1,1,0,1,0,0,0
337,0,1,1,1,0,0,1,0,0
338,0,1,1,1,0,1,0,0,0
339,0,1,1,1,0,0,0,0,0
340,0,1,1,1,0,0,0,0,0
341,0,1,1,1,0,0,0,0,0
342,1,1,1,1,0,0,0,0,0
343,1,1,1,1,0,0,1,0,0
344,0,1,1,1,0,0,0,0,0
345,1,1,1,1,0,0,0,0,0
346,1,1,1,1,0,0,0,0,0
347,1,0,1,1,0,0,0,0,0
348,0,1,1,1,0,1,0,0,0
349,0,0,1,1,0,0,0,0,0
350,0,0,1,1,0,0,0,0,0
351,0,0,1,1,0,0,0,0,0
352,1,1,1,1,0,0,0,0,0
353,1,1,1,1,0,0,0,0,0
354,1,1,1,1,0,0,1,0,0
355,1,1,1,1,0,0,0,0,0
356,1,1,1,1,0,0,0,0,0
357,1,1,1,1,0,0,0,0,0
358,1,1,1,1,0,0,0,0,0
359,1,1,1,1,0,0,0,0,0
360,1,1,1,1,0,0,0,0,0
361,0,1,1,1,0,0,0,0,0
362,0,1,1,1,0,0,0,0,0
363,0,1,1,1,0,1,0,0,0
364,0,1,1,1,0,0,0,0,0
365,0,1,1,1,0,0,0,0,0
366,1,0,1,1,0,1,0,0,0
367,1,0,1,1,0,0,0,0,0
368,1,0,1,1,0,0,0,0,0
369,1,0,1,1,0,0,0,0,0
370,1,0,1,1,0,0,0,0,0
371,1,0,1,1,0,0,0,0,0
372,0,1,1,1,0,0,1,0,0
373,0,1,0,1,0,0,0,0,0
374,0,1,0,1,0,0,1,0,0
375,0,1,0,1,0,0,0,0,0
376,0,1,0,1,0,0,0,0,0
377,0,1,0,1,0,0,0,0,0
378,0,0,0,1,1,0,0,0,0
379,1,0,0,1,1,0,0,0,0
380,1,0,0,1,1,0,0,0,0
381,0,0,0,1,1,0,0,0,0
382,0,0,0,1,1,1,0,0,0
383,1,0,0,1,1,0,0,0,0
384,0,0,0,1,1,0,0,0,0
385,0,0,1,1,1,1,0,0,0
386,1,1,1,1,1,0,0,0,0
387,1,1,1,1,1,0,0,0,0
388,1,0,1,1,1,0,1,0,0
389,1,1,1,1,1,0,0,0,0
390,1,1,1,1,1,0,0,0,0
391,1,1,1,1,1,0,0,0,0
392,0,1,1,1,1,0,0,0,0
393,0,1,1,1,1,0,0,0,0
394,1,1,1,1,1,0,0,0,0
395,1,1,1,1,1,0,0,0,0
396,1,1,1,1,1,0,0,0,0
397,1,1,1,1,1,0,0,0,0
398,1,0,1,1,1,0,0,0,0
399,1,0,1,1,1,0,0,0,0
400,1,0,1,1,1,0,0,0,0
401,1,0,1,1,1,0,0,0,0
402,0,0,1,1,1,0,0,0,0
403,0,0,1,1,1,0,0,0,0
404,0,0,1,1,1,0,0,0,0
405,0,0,1,1,1,0,0,0,0
406,0,0,1,1,1,0,0,0,0
407,0,0,1,1,1,0,0,0,0
408,0,0,0,1,1,0,0,0,0
409,0,0,0,1,1,0,0,0,0
410,0,0,0,1,1,0,0,0,0
411,0,0,0,1,1,1,0,0,0
412,0,0,0,1,1,0,0,0,0
413,0,0,0,1,1,0,0,0,0
414,0,0,0,1,1,0,0,0,0
415,0,0,0,1,1,0,0,0,0
416,0,0,0,1,1,0,0,0,0
417,1,1,0,1,1,0,1,0,0
418,1,1,0,1,1,1,0,0,0
419,1,1,0,0,1,0,0,0,0
420,1,1,0,0,1,0,0,0,0
421,1,1,0,0,1,0,0,0,0
422,1,1,0,0,1,0,0,0,0
423,1,0,0,0,1,0,0,0,0
424,0,0,0,0,1,0,0,0,0
425,0,0,0,0,1,0,0,0,0
426,0,0,0,0,1,0,0,0,0
427,0,0,0,0,1,0,0,0,0
428,1,0,0,0,1,0,0,0,0
429,0,0,0,0,1,0,0,0,0
430,0,0,0,0,1,0,0,0,0
431,0,0,0,0,1,1,0,0,0
432,1,0,0,0,1,0,0,0,0
433,1,0,0,0,1,0,0,0,0
434,0,0,0,0,1,0,0,0,0
435,0,0,0,0,1,0,0,0,0
436,0,0,0,0,1,1,0,0,0
437,0,0,0,0,1,0,0,0,0
438,0,0,0,0,1,0,0,0,0
439,0,0,0,0,1,0,0,0,0
440,0,0,0,0,1,0,0,0,0
441,1,0,0,0,1,0,0,0,0
442,1,0,0,0,1,0,0,0,0
443,1,0,0,0,1,0,0,0,0
444,1,1,0,0,1,1,0,0,0
445,0,0,0,0,1,0,0,0,0
446,0,0,0,0,1,0,0,0,0
447,0,0,0,0,1,0,0,0,0
448,0,0,0,0,1,0,0,0,0
449,0,0,0,0,1,1,0,0,0
450,0,0,0,0,1,0,0,0,0
451,0,0,0,0,1,0,0,0,0
452,1,1,0,0,1,0,0,0,0
453,1,1,0,0,1,1,0,0,0
454,1,1,0,0,1,0,0,0,0
455,1,1,0,0,1,0,0,0,0
456,1,1,1,0,1,0,0,0,0
457,0,1,1,0,1,0,0,0,0
458,1,1,1,0,1,0,0,0,0
459,0,0,1,0,1,1,0,0,0
460,0,0,1,0,1,0,0,0,0
461,0,0,1,0,1,0,0,0,0
462,0,0,1,1,1,0,0,0,0
463,0,1,1,1,1,0,0,0,0
464,0,1,1,1,1,0,0,0,0
465,0,1,1,1,1,0,0,0,0
466,1,1,1,1,1,0,0,0,0
467,1,1,1,1,1,0,0,0,0
468,1,1,1,1,1,0,0,0,0
469,1,1,1,1,1,0,0,0,0
470,1,1,1,1,1,0,0,0,0
471,1,1,1,1,1,0,0,0,0
472,1,1,1,1,1,0,0,0,0
473,1,1,1,1,1,0,0,0,0
474,1,0,1,1,1,0,0,0,0
475,1,0,1,1,1,0,0,0,0
476,1,1,1,1,1,0,0,0,0
477,1,1,1,1,1,1,0,0,0
478,1,1,1,1,1,0,0,0,0
479,1,1,1,1,1,1,0,0,0
480,1,0,1,1,1,0,0,0,0
481,1,0,1,1,1,0,0,0,0
482,1,0,1,1,1,0,0,0,0
483,1,0,1,1,1,0,0,0,0
484,1,0,1,1,1,0,0,0,0
485,1,0,1,1,1,0,0,0,0
486,0,0,1,1,1,0,0,0,0
487,0,0,1,1,1,0,0,0,0
488,1,0,0,1,1,0,0,0,0
489,0,0,0,1,1,0,0,0,0
490,0,0,0,1,1,0,0,0,0
491,1,0,0,1,1,0,0,0,0
492,1,0,0,1,1,0,0,0,0
493,1,0,0,1,1,0,0,0,0
494,1,0,0,1,1,0,0,0,0
495,1,0,0,1,1,1,0,0,0
496,0,0,0,1,1,0,0,0,0
497,0,0,0,1,1,0,0,0,0
498,0,0,0,1,1,0,0,0,0
499,0,0,0,1,1,0,0,0,0
500,0,0,0,0,0,0,0,0,0
501,1,0,0,0,0,0,0,0,0
502,0,0,0,0,0,0,0,0,0
503,0,0,0,0,0,0,0,0,0
504,0,0,0,0,0,0,0,0,0
505,1,0,0,0,0,1,0,0,0
506,1,0,0,0,0,0,0,0,0
507,1,1,0,0,0,0,1,0,0
508,0,1,0,0,0,0,0,0,0
509,0,1,0,0,0,0,0,0,0
510,0,1,0,0,0,0,0,0,0
511,0,1,0,0,0,0,0,0,0
512,0,1,0,0,0,0,0,0,0
513,1,1,0,0,0,0,0,0,0
514,1,1,0,0,0,0,0,0,0
515,0,1,1,0,0,0,0,0,0
516,0,1,1,0,0,0,0,0,0
517,0,1,1,0,0,0,0,0,0
518,0,1,1,0,0,0,0,0,0
519,0,1,1,0,0,0,0,0,0
520,1,1,1,1,0,0,0,0,0
521,1,1,1,1,0,0,0,0,0
522,1,1,1,1,1,0,0,0,0
523,1,1,1,1,1,0,0,0,0
524,1,1,1,1,1,0,0,0,0
525,1,1,1,1,1,0,0,0,0
526,1,0,1,1,1,0,0,0,0
527,1,0,1,1,1,0,0,0,0
528,1,0,1,1,1,0,0,0,0
529,1,0,1,1,1,0,0,0,0
530,0,0,1,1,1,0,0,0,0
531,0,0,1,1,1,0,0,0,0
532,0,0,1,1,1,0,0,0,0
533,1,0,1,0,1,0,0,0,0
534,1,0,0,0,1,0,0,0,0
535,1,0,0,0,1,0,0,0,0
536,0,0,0,0,0,0,0,0,0
537,0,0,0,0,0,0,0,0,0
538,0,0,0,0,0,0,0,0,0
539,0,0,0,0,0,0,0,0,0
540,0,0,0,0,0,0,0,0,0
541,0,0,0,0,0,0,0,0,0
542,0,0,0,0,0,0,0,0,0
543,0,0,0,0,0,0,0,0,0
544,0,0,0,0,0,0,0,0,0
545,0,0,0,0,0,0,0,0,0
546,0,0,0,0,1,0,0,0,0
547,0,0,0,0,1,0,0,0,0
548,0,0,0,0,1,1,0,0,0
549,1,1,0,0,1,0,0,0,0
550,1,1,0,0,1,0,0,0,0
551,1,1,0,0,1,0,0,0,0
552,1,1,0,0,1,0,0,0,0
553,1,1,0,0,1,0,0,0,0
554,0,1,0,0,1,1,0,0,0
555,0,0,0,0,1,0,0,0,0
556,0,0,0,0,1,0,0,0,0
557,0,0,0,0,1,0,0,0,0
558,0,0,0,0,1,0,0,0,0
559,0,0,0,0,1,0,0,0,0
560,0,0,0,0,1,0,0,0,0
561,1,0,0,0,1,0,0,0,0
562,1,0,0,0,1,0,0,0,0
563,1,0,0,0,1,0,0,0,0
564,0,0,0,0,1,0,0,0,0
565,0,0,0,0,1,0,0,0,0
566,0,0,0,0,1,0,0,0,0
567,0,0,0,0,1,0,0,0,0
568,0,0,0,0,1,0,0,0,0
569,0,1,0,1,1,0,0,0,0
570,1,1,0,1,1,0,0,0,0
571,1,1,0,1,1,0,0,0,0
572,1,1,0,1,1,0,0,0,0
573,1,1,0,1,1,0,0,0,0
574,1,1,0,1,1,0,0,0,0
575,1,1,1,1,1,0,0,0,0
576,1,1,1,1,0,0,0,0,0
577,1,1,1,1,0,0,0,0,0
578,0,1,1,1,0,0,0,1,0
579,1,1,1,1,0,0,0,0,0
580,0,1,1,1,0,0,0,0,0
581,0,1,1,1,0,0,0,0,0
582,1,0,1,1,0,0,0,0,0
583,1,0,1,1,0,0,0,0,0
584,0,0,1,1,0,0,0,0,0
585,1,0,1,1,0,0,0,0,0
586,1,0,1,1,0,0,0,0,0
587,1,0,1,1,0,0,0,0,0
588,1,0,1,1,0,0,0,0,0
589,0,0,1,1,0,0,0,0,0
590,0,0,1,1,0,0,0,0,0
591,0,0,1,0,0,1,0,0,0
592,0,0,0,0,0,0,0,0,0
593,1,0,0,0,0,0,0,0,0
594,1,0,0,0,0,0,0,0,0
595,1,0,0,0,0,0,0,0,0
596,1,0,0,0,0,0,0,0,0
597,0,0,0,0,0,0,0,0,0
598,0,0,0,0,0,0,0,0,0
599,0,0,0,0,0,0,0,0,0
600,0,0,0,0,0,0,0,0,0
601,0,0,0,0,0,0,0,0,0
602,0,0,0,0,0,0,0,0,0
603,0,0,0,0,0,0,0,0,0
604,0,0,0,0,0,0,0,0,0
605,0,0,0,0,0,0,0,0,0
606,0,0,0,0,0,0,0,0,0
607,0,0,0,0,0,0,0,0,0
608,0,0,0,0,0,0,0,0,0
609,0,0,0,0,0,0,0,0,0
610,0,0,0,0,0,0,0,0,0
611,0,0,0,0,0,0,0,0,0
612,0,0,0,0,0,0,0,0,0
613,0,0,0,1,0,0,0,0,0
614,1,0,0,1,0,0,0,0,0
615,1,1,0,1,0,0,0,0,0
616,1,1,0,1,0,0,0,0,0
617,1,1,1,1,0,0,0,0,0
618,0,1,1,1,0,0,0,0,0
619,0,1,1,1,0,0,0,0,0
620,0,0,1,1,0,0,0,0,0
621,1,0,1,1,0,0,0,0,0
622,0,0,1,1,0,0,0,0,0
623,1,1,1,1,0,0,0,0,0
624,1,1,1,1,0,0,0,0,0
625,1,1,1,1,0,0,1,0,0
626,1,1,1,1,1,0,0,0,0
627,0,1,1,1,1,0,0,0,0
628,1,1,1,1,1,0,0,0,0
629,1,1,1,1,1,0,0,0,0
630,1,1,1,1,1,0,0,0,0
631,1,1,1,1,1,0,0,0,0
632,1,1,1,1,1,0,0,0,0
633,1,1,1,1,1,0,0,0,0
634,1,1,1,1,0,0,0,0,0
635,1,1,1,1,0,0,1,0,0
636,0,0,1,1,0,0,0,0,0
637,1,0,1,1,0,0,0,0,0
638,1,0,1,1,0,0,0,0,0
639,1,0,1,1,0,0,0,0,0
640,0,0,1,1,0,0,0,0,0
641,0,0,0,1,0,0,0,0,0
642,0,0,0,1,0,0,0,0,0
643,0,0,0,1,0,0,0,0,0
644,0,0,0,1,0,0,0,0,0
645,0,0,0,1,0,0,0,0,0
646,1,0,0,1,0,0,0,0,0
647,1,0,0,1,0,0,0,0,0
648,1,0,0,1,0,0,0,0,0
649,1,0,0,1,0,0,0,0,0
650,0,0,0,1,0,0,0,0,0
651,0,0,0,1,0,0,0,0,0
652,0,0,0,1,0,0,0,0,0
653,0,0,0,1,0,0,0,0,0
654,0,0,0,1,0,0,0,0,0
655,1,0,0,0,0,0,0,0,0
656,1,0,0,0,0,0,0,0,0
657,1,0,0,0,0,0,0,0,0
658,1,0,0,0,0,0,0,0,0
659,1,0,0,1,0,0,0,0,0
660,1,0,0,1,0,0,0,0,0
661,1,0,0,1,0,0,0,0,0
662,1,0,0,1,0,0,0,0,0
663,1,0,0,1,0,0,0,0,0
664,1,0,0,1,0,0,0,0,0
665,1,0,0,1,0,0,0,0,0
666,1,0,0,1,0,0,0,0,0
667,1,0,0,1,0,0,0,0,0
668,1,0,0,1,0,0,0,0,0
669,1,0,0,1,0,0,0,0,0
670,1,0,0,1,0,0,0,0,0
671,1,0,0,0,0,0,1,0,0
672,1,0,0,0,0,0,0,0,0
673,0,0,0,0,0,0,0,0,0
674,1,0,0,0,0,0,0,0,0
675,0,0,0,0,0,0,0,0,0
676,0,0,0,0,0,0,0,0,0
677,1,0,0,0,0,0,0,0,0
678,0,0,0,0,0,0,0,0,0
679,0,0,0,0,0,0,0,0,0
680,1,0,0,0,0,0,0,0,0
681,1,0,0,0,0,0,0,1,0
682,1,0,0,0,0,0,1,0,0
683,1,0,0,0,0,0,0,0,0
684,1,0,0,0,0,0,0,0,0
685,1,0,0,0,0,0,0,0,0
686,1,0,0,0,0,0,0,0,0
687,1,0,0,0,0,0,0,0,0
688,1,1,0,0,0,0,0,0,0
689,1,0,0,0,0,0,0,0,0
690,1,0,0,0,0,0,0,0,0
691,1,0,0,0,0,0,0,0,0
692,0,0,0,0,0,0,1,0,0
693,0,0,0,0,0,0,0,0,0
694,0,0,0,0,0,0,0,0,0
695,1,0,0,0,0,0,0,0,0
696,0,0,0,0,0,0,0,0,0
697,1,0,0,0,0,0,0,0,0
698,0,0,0,0,0,0,0,0,0
699,0,0,0,0,0,0,0,0,0
700,0,0,0,0,0,0,0,0,0
701,0,0,0,0,0,0,0,0,0
702,0,0,0,0,0,0,0,0,0
703,0,0,0,0,0,0,0,0,0
704,0,0,0,0,0,0,0,0,0
705,0,0,0,0,0,0,0,0,0
706,0,0,0,0,0,0,0,0,0
707,0,1,0,0,0,0,0,0,0
708,1,1,0,0,0,0,0,0,0
709,1,1,0,0,0,0,0,0,0
710,1,1,0,0,0,0,0,0,0
711,1,1,0,0,0,0,0,0,0
712,1,1,0,0,0,0,0,0,0
713,1,0,0,0,0,0,0,0,0
714,0,0,0,0,0,0,0,0,0
715,0,0,0,1,0,0,0,0,0
716,1,0,0,1,0,0,0,0,0
717,1,0,0,0,0,0,0,0,0
718,1,0,0,0,0,0,0,0,0
719,1,1,1,0,0,0,0,0,0
720,0,0,1,0,0,0,0,0,0
721,0,0,1,0,0,0,0,0,0
722,0,0,1,0,0,1,0,0,0
723,0,0,1,0,0,0,0,0,0
724,0,0,1,0,0,0,0,0,0
725,1,0,1,0,0,0,0,0,0
726,0,0,1,1,0,0,0,0,0
727,1,0,1,1,0,0,0,0,0
728,0,0,1,1,0,0,0,0,0
729,0,0,1,1,0,0,0,0,0
730,0,0,1,1,0,0,0,0,0
731,1,0,0,1,0,0,0,0,0
732,1,0,0,1,0,0,0,0,0
733,1,0,0,1,0,0,0,0,0
734,1,0,0,1,0,0,0,0,0
735,1,1,0,1,0,0,0,0,0
736,1,1,0,1,0,0,0,0,0
737,1,1,0,1,0,0,0,0,0
738,0,0,0,1,0,0,0,0,0
739,0,0,0,1,0,0,0,0,0
740,0,0,0,1,0,0,0,0,0
741,0,0,0,1,0,0,0,0,0
742,0,0,0,1,0,0,0,0,0
743,0,0,0,1,0,0,0,0,0
744,1,0,1,1,0,0,0,0,0
745,0,0,1,1,0,0,0,0,0
746,0,0,1,1,0,0,0,0,0
747,0,0,1,1,0,0,0,0,0
748,1,0,1,1,0,0,0,0,0
749,1,0,1,1,0,0,0,0,0
750,1,0,1,1,0,0,0,0,0
751,1,0,1,1,0,0,0,0,0
752,1,0,1,1,0,0,0,0,0
753,0,0,0,1,0,0,0,0,0
754,1,0,0,1,0,0,0,0,0
755,0,0,0,1,0,0,0,0,0
756,0,0,0,1,0,0,0,0,0
757,0,0,0,1,0,0,0,0,0
758,0,0,0,1,0,0,0,0,0
759,0,0,0,1,0,0,0,0,0
760,1,0,0,1,0,0,0,0,0
761,0,0,0,1,0,0,0,0,0
762,0,1,1,1,0,0,0,0,0
763,0,1,1,1,0,0,0,0,0
764,1,1,1,1,0,0,1,0,0
765,1,1,1,1,0,0,0,0,0
766,1,1,1,1,0,0,0,0,0
767,1,1,1,1,0,0,0,0,0
768,1,1,1,1,0,0,0,0,0
769,1,1,1,1,0,0,0,0,0
770,1,1,1,1,0,0,0,0,0
771,1,1,1,1,0,0,0,0,0
772,1,0,1,1,0,0,0,0,0
773,0,1,1,1,0,0,0,0,0
774,1,1,1,1,0,0,0,0,0
775,1,1,1,1,0,0,1,0,0
776,1,1,1,1,0,0,0,0,0
777,1,0,1,1,0,0,0,0,0
778,1,0,1,1,0,0,0,0,0
779,1,0,1,1,0,0,0,0,0
780,0,0,1,1,0,0,0,0,0
781,0,0,1,1,0,0,0,0,0
782,0,0,1,1,0,0,0,0,0
783,1,0,1,1,0,0,0,0,0
784,1,0,1,1,0,0,0,0,0
785,0,0,0,1,0,0,0,0,0
786,0,0,0,1,0,0,0,0,0
787,0,0,0,1,0,0,0,0,0
788,0,0,0,1,0,0,0,0,0
789,0,0,0,1,1,0,0,0,0
790,0,0,0,1,1,1,0,0,0
791,0,0,0,1,1,0,0,0,0
792,1,0,0,1,1,0,0,0,0
793,1,0,0,0,1,0,0,0,0
794,0,0,0,0,1,0,0,0,0
795,1,0,0,0,1,0,0,0,0
796,1,0,0,0,1,0,0,0,0
797,1,0,0,0,1,0,0,0,0
798,1,0,0,0,1,0,0,0,0
799,1,0,0,0,1,0,0,0,0
800,1,0,0,0,1,0,0,0,0
801,1,0,0,0,1,0,0,0,0
802,1,0,0,0,1,0,0,0,0
803,1,0,0,0,1,0,0,0,0
804,1,0,0,0,0,0,0,0,0
805,0,0,0,0,0,0,0,0,0
806,1,0,0,0,0,0,0,0,0
807,1,0,0,0,0,0,0,0,0
808,1,0,0,0,0,0,0,0,0
809,1,0,0,0,0,0,0,0,0
810,0,0,0,0,0,0,0,0,0
811,0,0,0,0,0,0,0,0,0
812,0,0,0,0,0,0,0,0,0
813,0,0,0,0,0,0,0,0,0
814,1,0,0,0,0,0,0,0,0
815,1,0,0,0,0,0,0,0,0
816,1,0,0,0,0,0,0,0,0
817,0,0,0,0,0,0,0,0,0
818,0,0,0,0,0,0,0,0,0
819,0,0,0,0,0,0,0,0,0
820,0,0,0,0,0,0,0,0,0
821,0,0,0,0,0,0,0,0,0
822,0,0,0,0,0,0,0,0,0
823,0,0,0,0,0,0,1,0,0
824,0,0,0,0,0,0,0,0,0
825,0,0,0,0,0,0,0,0,0
826,0,1,0,0,0,0,0,0,0
827,1,1,0,0,0,0,0,0,0
828,1,1,0,0,0,1,0,0,0
829,1,1,0,0,0,0,0,0,0
830,1,1,0,0,0,0,0,0,0
831,1,0,0,0,0,0,0,0,0
832,1,0,0,0,0,0,1,0,0
833,1,0,0,0,0,0,0,0,0
834,1,0,0,0,0,0,0,0,0
835,0,0,0,0,0,0,0,0,0
836,0,0,0,0,0,0,0,0,0
837,1,0,0,0,0,0,0,0,0
838,0,0,0,0,0,0,0,0,0
839,0,0,0,0,0,0,0,0,0
840,0,0,0,0,0,0,0,0,0
841,1,0,0,0,0,0,0,0,0
842,0,0,1,0,0,0,0,0,0
843,0,0,1,0,0,0,0,0,0
844,1,0,1,0,0,0,0,0,0
845,1,0,1,0,0,0,0,0,0
846,0,0,1,0,0,1,0,0,0
847,1,0,0,0,0,0,0,0,0
848,1,0,0,0,0,0,0,0,0
849,0,0,0,0,0,0,0,0,0
850,0,0,0,0,0,0,0,0,0
851,0,0,0,0,0,0,0,0,0
852,0,0,0,0,0,0,0,0,0
853,0,0,0,0,0,0,0,0,0
854,0,0,0,0,0,0,0,0,0
855,0,0,0,0,0,1,0,0,0
856,0,0,0,0,0,0,0,0,0
857,1,0,0,0,0,0,0,0,0
858,1,0,0,0,0,0,0,0,0
859,0,1,0,0,0,0,0,0,0
860,1,1,0,0,0,0,0,0,0
861,1,1,0,0,0,0,0,0,0
862,1,1,0,0,0,0,0,0,0
863,1,1,0,0,0,0,0,0,0
864,1,1,0,0,0,0,0,0,0
865,0,1,1,0,0,0,1,0,0
866,0,1,1,0,0,0,0,0,0
867,0,1,1,0,0,0,0,0,0
868,0,0,1,0,0,0,0,0,0
869,0,0,1,0,0,0,0,0,0
870,1,0,1,0,0,0,0,0,0
871,1,0,1,0,0,0,0,0,0
872,1,0,1,0,0,0,0,0,0
873,1,0,1,0,0,0,0,0,0
874,1,0,1,0,0,0,0,0,0
875,1,0,1,0,0,0,0,0,0
876,1,0,1,0,0,0,0,0,0
877,1,0,0,0,0,0,0,0,0
878,1,0,0,0,0,0,0,0,0
879,1,0,0,0,0,0,0,0,0
880,1,0,0,0,0,0,0,0,0
881,1,0,0,0,0,1,0,0,0
882,1,0,0,0,0,1,0,0,0
883,1,0,0,0,0,0,0,0,0
884,1,0,0,0,0,0,0,0,0
885,0,0,0,0,0,0,0,0,0
886,0,0,0,0,0,0,0,0,0
887,0,0,0,0,0,0,0,0,0
888,0,0,0,0,0,0,0,0,0
889,0,0,0,0,0,0,0,0,0
890,0,0,0,0,0,0,0,0,0
891,0,0,0,0,0,0,0,0,0
892,1,0,0,0,0,0,0,0,0
893,1,0,0,0,0,0,0,0,0
894,1,0,0,0,0,0,0,0,0
895,0,0,0,0,0,0,0,0,0
896,0,0,0,0,0,0,0,0,0
897,1,0,0,0,0,0,0,0,0
898,0,0,0,0,0,0,0,0,0
899,0,0,0,0,0,0,0,0,0
900,1,0,0,0,0,0,0,0,0
901,1,0,0,0,0,0,0,0,0
902,1,0,0,0,0,0,0,0,0
903,0,0,0,0,0,0,1,0,0
904,0,0,0,0,0,0,0,0,0
905,0,0,0,0,0,0,0,0,0
906,0,0,0,0,0,0,0,0,0
907,0,0,0,0,0,1,0,0,0
908,0,0,0,0,0,0,0,0,0
909,0,0,0,0,0,0,0,0,0
910,0,0,0,0,0,0,0,0,0
911,0,0,0,0,0,0,0,0,0
912,1,0,0,0,0,0,0,0,0
913,1,0,0,0,0,0,0,0,0
914,1,0,0,0,0,0,0,0,0
915,1,0,0,0,0,0,0,0,0
916,0,0,0,0,0,1,0,0,0
917,0,0,0,0,0,0,1,0,0
918,0,0,0,0,0,0,0,0,0
919,0,0,0,0,0,0,0,0,0
920,1,0,0,0,0,0,0,0,0
921,0,0,0,0,0,0,0,0,0
922,0,0,0,0,0,0,0,0,0
923,0,0,0,0,0,0,0,0,0
924,0,0,0,0,0,0,0,0,0
925,0,0,0,0,0,0,0,0,0
926,0,0,0,0,0,0,0,0,0
927,0,1,0,0,0,0,0,0,0
928,0,1,0,0,0,0,0,0,0
929,0,1,0,0,0,0,0,0,0
930,0,1,0,0,0,0,0,0,0
931,0,1,0,0,0,0,0,0,0
932,0,1,0,0,0,0,0,0,0
933,0,1,0,0,0,0,0,0,0
934,0,1,0,0,0,0,0,0,0
935,1,1,0,0,0,0,0,0,0
936,1,1,1,0,0,0,0,0,0
937,0,1,1,0,0,0,0,0,0
938,1,1,1,0,0,0,0,0,0
939,0,1,1,0,0,0,0,0,0
940,1,1,1,0,0,0,0,0,0
941,1,1,1,1,0,0,0,0,0
942,1,1,1,1,0,0,0,0,0
943,1,0,1,1,0,0,0,0,0
944,0,0,1,1,0,0,0,0,0
945,0,1,1,1,0,0,0,0,0
946,0,1,1,1,0,0,0,0,0
947,0,1,1,1,0,0,0,0,0
948,1,1,1,1,0,0,0,0,0
949,1,1,1,1,0,0,0,0,0
950,1,1,1,1,0,0,0,0,0
951,1,1,1,1,0,0,0,0,0
952,0,0,1,1,0,0,0,0,0
953,0,0,1,1,0,0,0,0,0
954,0,0,1,1,0,1,0,0,0
955,0,1,1,1,0,0,0,0,0
956,1,1,1,1,0,0,0,1,0
957,1,1,1,1,0,0,0,0,0
958,1,0,1,1,0,0,0,0,0
959,1,0,1,1,0,0,0,0,0
960,1,0,1,1,0,0,0,0,0
961,1,0,1,1,0,0,0,0,0
962,0,0,0,1,0,0,0,0,0
963,0,0,0,1,0,0,0,0,0
964,0,0,0,1,0,0,0,0,0
965,0,0,0,1,0,0,0,0,0
966,0,0,0,1,0,0,0,0,0
967,1,0,0,1,0,0,0,0,0
968,1,0,0,1,0,0,0,0,0
969,1,0,0,1,0,1,0,0,0
970,0,0,0,1,0,0,0,0,0
971,0,0,0,1,0,1,0,0,0
972,0,0,0,1,0,0,0,0,0
973,0,0,0,1,0,0,0,0,0
974,0,0,0,1,0,0,0,0,0
975,0,0,0,1,0,0,0,0,0
976,0,0,0,1,0,0,0,0,0
977,0,0,0,1,0,0,0,0,0
978,1,0,0,1,0,0,0,0,0
979,1,1,0,1,0,0,0,0,0
980,1,1,0,1,0,0,0,0,0
981,1,1,0,1,0,0,0,0,0
982,0,0,0,1,0,0,0,0,0
983,0,0,0,1,0,0,0,0,0
984,0,0,0,1,0,1,0,0,0
985,0,0,0,1,0,0,0,0,0
986,0,0,0,1,0,1,0,0,0
987,0,0,0,1,0,0,0,0,0
988,0,0,0,1,0,0,0,0,0
989,0,1,0,1,0,0,0,0,0
990,1,1,1,1,0,0,0,0,0
991,1,1,1,1,0,0,0,0,0
992,1,1,1,1,0,0,0,0,0
993,0,1,1,1,0,0,0,0,0
994,0,1,1,1,0,0,0,0,0
995,0,1,1,1,0,0,0,0,0
996,0,1,1,1,0,0,0,0,0
997,0,1,1,1,1,0,0,0,0
998,1,1,1,1,1,0,0,0,0
999,1,1,1,1,1,0,0,0,0
1000,1,1,1,1,1,0,0,0,0
1001,1,1,1,1,1,0,0,0,0
1002,1,1,1,1,1,0,0,0,0
1003,1,1,1,1,1,0,0,0,0
1004,1,1,1,0,1,0,0,0,0
1005,1,0,1,0,1,0,0,0,0
1006,0,0,1,0,1,0,0,0,0
1007,1,0,1,0,1,0,0,0,0
1008,1,0,1,0,1,0,0,0,0
1009,1,0,1,0,1,0,0,0,0
1010,0,0,1,0,1,0,0,0,0
1011,0,0,0,0,1,0,0,0,0
1012,0,0,0,0,1,0,0,0,0
1013,0,0,0,0,1,0,0,0,0
1014,1,0,0,0,1,1,0,0,0
1015,1,0,0,0,1,0,0,0,0
1016,1,0,0,0,1,1,0,0,0
1017,1,0,0,0,1,0,0,0,0
1018,1,0,0,0,1,0,0,0,0
1019,1,0,0,0,1,0,0,0,0
1020,1,0,0,0,1,1,0,0,0
1021,1,0,0,0,1,0,0,0,0
1022,1,0,0,0,1,0,0,0,0
1023,1,0,0,0,1,0,0,0,0
1024,1,0,0,0,1,0,0,0,0
1025,1,0,0,0,1,1,0,0,0
1026,1,0,0,0,1,0,0,0,0
1027,0,0,0,0,1,0,0,0,0
1028,0,0,0,0,1,1,0,0,0
1029,0,0,0,0,1,0,0,0,0
1030,0,0,0,0,1,0,0,0,0
1031,0,0,0,0,1,0,0,0,0
1032,1,0,0,0,1,0,0,0,0
1033,1,0,0,0,1,0,0,0,0
1034,1,0,0,0,1,0,0,0,0
1035,1,0,0,0,1,0,0,0,0
1036,1,0,0,0,1,0,0,0,0
1037,1,0,0,0,1,0,0,0,0
1038,1,0,0,0,1,0,0,0,0
1039,0,0,0,0,1,0,0,0,0
1040,0,0,0,0,1,0,0,0,0
1041,0,0,0,0,1,0,0,0,0
1042,0,0,0,0,1,0,0,0,0
1043,0,0,0,0,1,0,0,0,0
1044,1,0,0,0,1,0,1,0,0
1045,1,0,0,0,1,0,0,0,0
1046,1,0,0,0,1,0,0,0,0
1047,0,0,0,0,0,0,0,0,0
1048,1,0,0,0,0,0,0,0,0
1049,1,0,0,0,0,0,0,0,0
1050,1,0,0,0,0,0,0,0,0
1051,1,0,0,0,0,0,0,0,0
1052,1,0,0,0,0,0,0,0,0
1053,1,0,0,0,0,0,0,0,0
1054,1,0,0,0,0,1,0,0,0
1055,1,0,0,0,0,0,0,0,0
1056,1,0,0,0,0,0,0,0,0
1057,1,0,0,0,0,0,0,0,0
1058,1,0,0,0,0,0,0,0,0
1059,1,0,0,0,0,0,0,0,0
1060,1,0,0,0,0,0,0,0,0
1061,1,0,0,0,0,1,1,1,1
1062,1,0,0,0,0,1,1,1,1
1063,1,0,0,0,0,1,1,1,1
1064,0,0,0,0,0,1,1,1,1
1065,0,0,0,0,0,1,1,1,1
1066,0,0,0,0,0,1,1,1,1
1067,0,0,0,0,0,1,1,1,1
1068,0,0,0,0,0,1,1,1,1
1069,0,0,0,0,0,1,1,1,1
1070,0,0,0,0,0,1,1,1,1
1071,0,1,0,0,0,1,1,1,1
1072,1,1,0,0,0,1,1,1,1
1073,1,1,0,0,0,1,1,1,1
1074,1,1,1,0,0,1,1,1,1
1075,1,1,1,0,0,1,1,1,0
1076,1,1,1,0,0,1,1,1,1
1077,1,1,1,0,0,1,1,1,1
1078,1,1,1,1,0,1,1,1,1
1079,1,1,1,1,0,1,1,1,1
1080,1,1,1,1,0,1,1,1,1
1081,0,1,1,1,0,1,1,1,1
1082,1,1,1,1,0,1,1,1,1
1083,0,1,1,1,0,1,1,1,1
1084,0,1,1,1,0,1,1,1,1
1085,0,0,1,1,0,1,1,1,1
1086,0,0,1,1,0,1,1,1,1
1087,0,0,1,1,0,1,1,1,1
1088,0,0,1,1,0,1,1,1,1
1089,0,0,1,1,0,1,1,1,1
1090,1,0,1,1,0,1,1,1,1
1091,0,0,1,1,0,1,1,1,1
1092,0,0,1,1,0,1,1,1,1
1093,0,0,0,1,0,1,1,1,1
1094,0,1,0,1,0,1,1,1,1
1095,0,1,0,1,0,1,1,1,1
1096,0,1,0,1,0,1,1,1,1
1097,0,1,0,1,0,1,1,1,1
1098,0,1,0,1,0,1,1,1,1
1099,1,1,0,1,0,1,1,1,1
1100,1,1,0,1,0,1,1,1,1
1101,1,1,0,1,0,1,1,1,1
1102,1,1,0,1,0,1,1,1,1
1103,1,1,0,1,0,1,1,1,1
1104,0,1,1,1,0,1,1,1,1
1105,0,0,1,1,0,1,1,1,1
1106,1,0,1,1,0,1,1,1,1
1107,0,1,1,1,0,1,1,1,1
1108,1,1,1,1,0,1,1,1,1
1109,1,1,1,1,0,1,1,1,1
1110,0,0,1,1,0,1,1,1,1
1111,0,0,1,1,0,1,1,1,1
1112,0,0,1,1,0,1,1,1,0
1113,0,0,1,1,0,1,1,1,1
1114,0,0,1,1,0,1,1,1,1
1115,1,0,1,1,0,1,1,1,1
1116,1,0,1,1,0,1,1,1,1
1117,1,0,1,1,0,1,1,1,1
1118,1,0,1,1,0,1,1,1,1
1119,1,0,1,1,0,1,1,1,1
1120,1,0,0,1,0,1,1,1,1
1121,0,0,0,1,0,1,1,1,0
1122,0,1,0,1,0,1,1,1,1
1123,0,1,0,1,0,1,1,1,1
1124,0,1,0,1,0,1,1,1,1
1125,0,0,0,1,0,1,1,1,1
1126,0,0,0,1,0,1,1,1,1
1127,0,0,0,1,0,1,1,1,1
1128,0,0,0,1,0,1,1,1,1
1129,0,0,0,1,0,1,1,1,1
1130,0,0,0,1,0,1,1,1,1
1131,1,0,0,0,0,1,1,1,1
1132,0,0,0,0,0,1,1,1,1
1133,1,0,0,0,0,1,1,1,1
1134,0,0,1,0,0,1,1,1,1
1135,0,0,1,0,0,1,1,1,1
1136,0,0,0,0,0,1,1,1,1
1137,0,1,0,0,0,1,1,1,1
1138,0,0,0,0,0,1,1,1,1
1139,0,1,0,0,0,1,1,1,1
1140,0,1,0,0,0,1,1,1,1
1141,0,1,0,0,0,1,1,1,1
1142,0,1,0,1,0,1,1,1,1
1143,0,1,0,1,0,1,1,1,1
1144,0,1,0,1,0,1,1,1,1
1145,0,1,1,1,1,1,1,1,1
1146,1,1,1,1,1,1,1,1,1
1147,1,1,1,1,1,1,1,1,1
1148,1,1,1,1,1,1,1,1,1
1149,1,1,1,1,1,1,1,1,1
1150,1,1,1,1,1,1,1,1,1
1151,0,1,1,1,1,1,1,1,1
1152,0,1,1,1,1,1,1,1,1
1153,0,1,1,1,1,1,1,1,1
1154,0,1,1,1,1,1,1,1,1
1155,0,1,1,1,1,1,1,1,1
1156,1,1,1,1,1,1,1,1,1
1157,1,1,1,1,1,1,1,1,1
1158,1,1,1,1,1,1,1,1,1
1159,1,1,1,1,1,1,1,1,1
1160,0,1,1,1,1,1,1,1,1
1161,1,1,1,1,1,1,1,1,1
1162,1,1,1,1,1,1,1,1,1
1163,1,1,1,1,1,1,1,1,1
1164,0,1,1,1,1,1,1,1,1
1165,0,1,1,1,1,1,1,1,1
1166,0,1,1,1,1,1,1,1,1
1167,0,1,1,1,1,1,1,1,1
1168,0,1,1,1,1,1,1,1,1
1169,1,1,1,1,1,1,1,1,1
1170,1,0,1,1,1,1,1,1,1
1171,1,0,1,1,1,1,1,1,1
1172,1,0,1,1,1,1,1,1,1
1173,1,0,1,1,1,1,1,1,0
1174,1,0,1,1,1,1,1,1,1
1175,1,0,1,1,1,1,1,1,1
1176,1,0,0,1,1,1,1,1,1
1177,1,0,0,1,1,1,1,1,1
1178,1,0,0,1,1,1,1,1,1
1179,1,0,0,1,1,1,1,1,1
1180,1,0,0,1,1,1,1,1,1
1181,1,0,0,1,1,1,1,1,1
1182,0,0,0,1,1,1,1,1,1
1183,1,0,0,1,1,1,1,1,1
1184,1,0,0,1,1,1,1,1,1
1185,1,0,0,1,1,1,1,1,1
1186,0,0,0,1,1,1,1,1,1
1187,1,0,0,1,1,1,1,1,1
1188,0,0,0,1,1,1,1,1,1
1189,0,0,0,1,1,1,1,1,1
1190,0,0,0,1,1,1,1,1,1
1191,0,0,0,0,1,1,1,1,1
1192,1,0,0,0,1,1,1,1,1
1193,1,0,0,0,1,1,1,1,1
1194,1,0,0,0,1,1,1,1,1
1195,0,0,0,0,1,1,1,1,1
1196,0,0,0,0,1,1,1,1,1
1197,0,0,0,0,1,1,1,1,1
1198,0,0,0,0,1,1,1,1,1
1199,0,0,0,0,1,1,1,1,1
1200,0,0,0,0,1,1,1,1,1
1201,0,0,0,0,1,1,1,1,1
1202,0,0,0,0,1,1,1,1,1
1203,0,0,0,0,1,1,1,1,0
1204,1,1,0,0,1,1,1,1,1
1205,1,1,0,0,1,1,1,1,1
1206,1,1,0,0,1,1,1,1,1
1207,1,1,0,0,1,1,1,1,1
1208,1,1,0,0,1,1,1,1,1
1209,1,1,0,0,1,1,1,1,1
1210,1,0,0,0,1,1,1,1,1
1211,1,0,0,0,1,1,1,1,1
1212,0,0,0,0,1,1,1,1,1
1213,0,0,0,0,1,1,1,1,1
1214,1,0,0,0,0,1,1,1,1
1215,0,0,0,0,0,1,1,1,1
1216,0,0,1,0,0,1,1,1,1
1217,0,0,1,0,0,1,1,1,1
1218,0,0,1,0,0,1,1,1,1
1219,0,0,1,0,0,1,1,1,1
1220,0,0,1,0,0,1,1,1,1
1221,0,0,1,0,0,1,1,1,0
1222,0,0,1,0,0,1,1,1,1
1223,1,0,1,0,0,1,1,1,1
1224,1,0,0,0,0,1,1,1,1
1225,1,1,0,0,0,1,1,1,1
1226,1,0,0,0,0,1,1,1,1
1227,1,0,0,0,0,1,1,1,1
1228,1,0,0,0,0,1,1,1,1
1229,1,0,0,0,0,1,1,1,1
1230,0,0,0,0,0,1,1,1,1
1231,0,0,0,0,0,1,1,1,1
1232,0,1,0,0,0,1,1,1,1
1233,0,1,0,0,0,1,1,1,1
1234,0,0,0,0,0,1,1,1,1
1235,0,0,0,0,0,1,1,1,1
1236,0,0,1,0,0,1,1,1,1
1237,0,0,1,0,0,1,1,1,1
1238,0,0,1,0,0,1,1,1,1
1239,0,0,1,0,0,1,1,1,1
1240,0,0,1,0,0,1,1,1,1
1241,0,0,1,0,0,1,1,1,1
1242,1,0,1,0,0,1,1,1,1
1243,0,1,1,0,1,1,1,1,1
1244,0,1,0,0,1,1,1,1,1
1245,0,1,0,1,1,1,1,1,0
1246,0,1,0,1,1,1,1,1,1
1247,0,1,0,1,1,1,1,1,1
1248,1,1,0,1,1,1,1,1,1
1249,1,1,0,1,1,1,1,1,1
1250,1,1,0,1,1,1,1,1,1
1251,1,1,1,1,1,1,1,1,1
1252,1,1,1,1,1,1,1,1,1
1253,1,1,1,1,1,1,1,1,1
1254,1,1,1,1,1,1,1,1,1
1255,0,1,1,1,1,1,1,1,1
1256,0,1,1,1,1,1,1,1,1
1257,0,1,1,1,1,1,1,1,1
1258,0,1,1,1,1,1,1,1,1
1259,0,1,1,1,1,1,1,1,1
1260,0,1,1,1,1,1,1,1,1
1261,1,0,1,1,1,1,1,1,1
1262,1,0,1,1,1,1,1,1,1
1263,1,0,1,1,1,1,1,1,1
1264,1,0,1,1,1,1,1,1,1
1265,1,0,1,1,1,1,1,1,1
1266,1,0,1,1,1,1,1,1,1
1267,1,0,1,1,0,1,1,1,1
1268,1,0,1,1,0,1,1,1,1
1269,1,1,1,1,0,1,1,1,1
1270,1,1,0,1,0,1,1,1,1
1271,1,1,0,1,0,1,1,1,1
1272,1,0,0,1,0,1,1,1,1
1273,1,0,0,1,0,1,1,1,1
1274,1,0,0,1,0,1,1,1,1
1275,0,0,0,1,0,1,1,1,1
1276,1,0,0,1,0,1,1,1,1
1277,1,0,0,1,0,1,1,1,1
1278,1,0,0,1,0,1,1,1,1
1279,1,0,0,1,0,1,1,1,1
1280,1,0,0,1,0,1,1,1,1
1281,1,0,0,1,0,1,1,1,1
1282,1,0,0,1,0,1,1,1,1
1283,1,0,0,0,0,1,1,1,1
1284,1,0,0,0,0,1,1,1,1
1285,1,0,0,0,0,1,1,1,1
1286,0,0,0,0,0,1,1,1,1
1287,0,0,0,0,0,1,1,1,1
1288,0,0,0,0,0,1,1,1,1
1289,0,0,0,0,0,1,1,1,1
1290,1,0,0,0,0,1,1,1,1
1291,1,0,0,0,0,1,1,1,1
1292,1,0,0,0,0,1,1,1,1
1293,0,0,0,0,0,1,1,0,1
1294,0,0,0,0,0,1,1,1,1
1295,0,0,0,0,0,1,1,1,1
1296,0,0,0,0,0,1,1,1,1
1297,0,0,0,0,0,1,1,1,1
1298,1,0,0,0,0,1,1,1,1
1299,1,0,0,0,0,1,1,1,1
1300,1,0,0,0,0,1,1,1,1
1301,1,0,0,0,0,1,1,1,1
1302,1,0,0,0,0,1,1,1,1
1303,1,0,0,0,0,1,1,1,1
1304,0,0,0,0,0,1,1,1,1
1305,0,0,0,0,0,1,1,1,1
1306,1,0,0,0,0,1,1,1,1
1307,1,0,0,0,0,1,1,1,1
1308,1,0,0,0,0,1,1,1,1
1309,0,0,0,0,0,1,1,1,1
1310,0,0,0,0,0,1,1,1,1
1311,0,0,0,0,0,1,1,1,1
1312,0,0,0,0,0,1,1,1,1
1313,0,0,0,0,0,1,1,1,1
1314,0,0,0,0,0,1,1,1,1
1315,0,0,0,0,0,1,1,1,1
1316,1,0,0,0,0,1,1,1,1
1317,0,0,0,0,0,1,1,1,1
1318,0,0,0,0,0,1,1,1,1
1319,1,0,0,0,0,1,1,1,1
1320,0,0,0,0,0,1,1,1,1
1321,0,0,0,0,0,1,1,1,1
1322,0,1,0,0,0,1,1,1,1
1323,0,1,0,0,0,1,1,1,1
1324,0,1,0,0,0,1,1,1,1
1325,0,1,0,0,0,1,1,1,1
1326,0,1,0,0,0,1,1,1,1
1327,1,1,0,0,0,1,1,1,1
1328,1,1,0,0,0,1,1,1,1
1329,1,1,0,0,0,1,1,1,1
1330,1,1,0,0,0,1,1,1,1
1331,1,1,0,0,0,1,1,1,1
1332,1,1,0,0,0,1,1,1,1
1333,1,1,1,0,0,1,1,1,1
1334,1,1,1,0,0,1,1,1,1
1335,1,1,1,0,0,1,1,1,1
1336,1,1,1,0,0,1,1,1,1
1337,1,1,1,0,0,1,1,1,1
1338,1,0,1,0,0,1,1,1,1
1339,0,0,1,0,0,1,1,1,1
1340,0,0,1,0,0,1,1,1,1
1341,0,0,1,0,0,1,1,1,0
1342,0,0,1,0,0,1,1,1,1
1343,0,0,1,0,0,1,1,1,1
1344,0,0,1,0,0,1,1,1,1
1345,1,0,1,0,0,1,1,1,1
1346,1,0,1,0,0,1,1,1,1
1347,1,0,1,1,0,1,1,1,1
1348,0,0,1,1,0,1,1,1,1
1349,0,0,0,1,0,1,1,1,1
1350,0,0,0,1,0,1,1,1,1
1351,0,0,0,1,0,1,1,1,0
1352,1,0,0,1,0,1,1,1,1
1353,1,0,0,1,0,1,1,1,1
1354,1,0,0,1,0,1,1,1,1
1355,1,0,0,1,0,1,1,1,1
1356,1,1,0,1,0,1,1,1,1
1357,0,1,0,1,0,1,1,1,1
1358,0,1,0,0,0,1,1,1,0
1359,0,1,0,0,0,1,1,1,1
1360,1,1,0,1,0,1,1,1,1
1361,1,1,0,1,0,1,1,1,1
1362,1,0,0,1,0,1,1,1,1
1363,1,0,0,1,0,1,1,1,1
1364,1,0,0,1,0,1,1,1,1
1365,1,0,0,1,0,1,1,1,1
1366,1,0,0,1,0,1,1,1,1
1367,0,0,0,1,0,1,1,1,1
1368,0,0,0,1,0,1,1,1,1
1369,0,0,1,0,0,1,1,1,1
1370,1,0,1,0,0,1,1,1,1
1371,1,0,1,0,0,1,1,1,1
1372,1,0,1,0,0,1,1,1,1
1373,1,0,0,0,0,1,1,1,1
1374,0,0,0,0,0,1,1,1,1
1375,0,0,0,0,0,1,1,1,1
1376,0,0,0,0,0,1,1,1,1
1377,0,0,0,0,0,1,1,1,1
1378,0,0,0,0,0,1,1,1,1
1379,0,0,0,0,0,1,1,1,1
1380,1,0,0,0,0,1,1,1,1
1381,1,0,0,0,0,1,1,1,1
1382,1,0,0,0,0,1,1,1,1
1383,1,0,0,0,0,1,1,1,1
1384,1,0,0,0,0,1,1,1,1
1385,1,0,0,0,0,1,1,1,1
1386,1,0,0,0,0,1,1,1,1
1387,0,0,0,0,0,1,1,1,1
1388,1,0,0,0,0,1,1,1,1
1389,1,0,0,0,0,1,1,1,1
1390,0,0,0,0,0,1,1,1,1
1391,0,0,0,0,0,1,1,1,1
1392,0,0,0,0,0,1,1,1,1
1393,0,0,0,0,0,1,1,1,1
1394,0,0,0,0,0,1,1,1,1
1395,0,0,0,0,0,1,1,1,1
1396,0,0,0,0,0,1,1,1,1
1397,1,0,0,0,0,1,1,1,1
1398,1,0,0,0,0,1,1,1,1
1399,1,0,0,0,0,1,1,1,1
1400,1,0,0,0,0,1,1,1,1
1401,1,0,0,0,0,1,1,1,1
1402,0,0,0,0,0,1,1,0,1
1403,0,0,0,0,0,1,1,1,1
1404,0,0,0,0,0,1,1,1,1
1405,0,0,0,0,0,1,1,1,1
1406,0,0,0,0,0,1,1,1,1
1407,1,0,0,0,0,1,1,1,1
1408,1,0,0,0,0,1,1,1,1
1409,1,0,0,0,0,1,1,1,1
1410,1,0,0,0,0,1,1,1,1
1411,1,0,0,0,0,1,1,1,1
1412,1,0,0,0,0,1,1,1,1
1413,1,0,0,0,0,1,1,1,1
1414,1,0,0,0,0,1,1,1,1
1415,0,0,0,0,0,1,1,1,1
1416,1,0,0,0,0,1,1,1,1
1417,0,0,0,0,0,1,1,1,1
1418,1,0,0,0,0,1,1,1,1
1419,0,0,0,0,0,1,1,1,1
1420,0,0,0,0,0,1,1,1,1
1421,0,0,0,0,0,1,1,1,1
1422,0,0,0,0,0,1,1,1,1
1423,0,0,0,0,0,1,1,1,1
1424,0,0,0,0,0,1,1,1,1
1425,0,0,0,0,0,1,1,1,1
1426,1,0,0,0,0,1,1,1,1
1427,1,0,0,0,0,1,1,1,1
1428,1,0,0,0,0,1,1,1,1
1429,0,0,0,0,0,1,1,1,1
1430,0,0,0,0,0,1,1,1,1
1431,0,0,0,0,0,1,1,1,1
1432,0,0,0,0,0,1,1,1,1
1433,0,0,0,0,0,1,1,1,1
1434,0,0,0,0,0,1,1,1,1
1435,0,0,0,0,0,1,1,1,1
1436,0,0,0,0,0,1,1,1,1
1437,0,0,0,0,0,1,1,1,1
1438,0,0,0,0,0,1,1,1,1
1439,0,1,0,0,0,1,1,1,1
1440,1,1,0,0,0,1,1,1,1
1441,1,1,0,0,0,1,1,1,1
1442,1,1,1,0,0,1,1,1,1
1443,0,1,1,0,0,1,1,1,1
1444,0,1,1,0,0,1,1,1,1
1445,1,1,1,0,0,1,1,1,1
1446,0,1,1,0,0,1,1,1,1
1447,0,1,1,0,0,1,1,1,1
1448,0,1,1,0,0,1,1,1,1
1449,1,1,1,0,0,1,1,1,1
1450,0,1,1,0,0,1,1,1,1
1451,0,1,1,0,0,1,1,1,1
1452,1,1,1,0,0,1,1,1,1
1453,1,1,1,0,0,1,1,1,1
1454,0,1,1,1,0,1,1,1,1
1455,0,1,1,1,0,1,1,1,1
1456,1,1,1,1,0,1,1,1,1
1457,1,1,1,1,0,1,1,1,1
1458,0,1,1,1,0,1,1,1,1
1459,0,1,1,1,0,1,1,1,1
1460,0,1,1,1,0,1,1,1,1
1461,1,1,1,1,0,1,1,1,1
1462,1,1,1,1,0,1,1,1,1
1463,1,1,1,1,0,1,1,1,1
1464,1,1,1,1,0,1,1,1,1
1465,1,1,1,1,0,1,1,1,1
1466,1,1,1,1,0,1,1,1,1
1467,1,1,1,1,0,1,1,1,1
1468,1,1,1,1,0,1,1,1,1
1469,1,1,1,1,0,1,1,1,1
1470,1,1,1,1,0,1,1,1,1
1471,1,1,1,1,0,1,1,1,1
1472,0,1,1,1,0,1,1,1,1
1473,0,0,1,1,0,1,1,1,1
1474,0,0,1,1,0,1,1,1,1
1475,0,0,1,1,0,1,1,1,1
1476,0,0,1,1,0,1,1,1,1
1477,0,0,1,1,0,1,1,1,1
1478,0,0,1,1,0,1,1,1,1
1479,0,0,1,1,0,1,1,1,1
1480,1,0,1,1,0,1,1,1,1
1481,1,0,1,1,0,1,1,1,1
1482,1,0,0,1,0,1,1,1,1
1483,1,0,0,1,0,1,1,1,1
1484,1,0,0,1,0,1,1,1,1
1485,1,0,0,1,0,1,1,1,1
1486,1,0,0,1,0,1,1,1,1
1487,1,0,0,1,0,1,1,1,1
1488,1,0,0,1,0,1,1,1,1
1489,0,0,0,1,0,1,1,1,1
1490,0,0,0,1,0,1,1,1,1
1491,0,0,0,1,0,1,1,1,1
1492,1,0,0,1,0,1,1,1,1
1493,0,0,0,1,1,1,1,1,1
1494,0,0,0,1,1,1,1,1,1
1495,0,0,0,1,1,1,1,1,1
1496,1,0,0,1,1,1,1,1,1
1497,1,0,0,1,1,1,1,1,1
1498,1,0,0,1,1,1,1,1,1
1499,1,0,0,1,1,1,1,1,0
1500,0,0,0,1,1,1,1,1,1
1501,1,0,0,1,1,1,1,1,1
1502,0,0,0,1,1,1,1,1,1
1503,1,0,0,1,1,1,1,1,0
1504,0,0,0,1,1,1,1,1,1
1505,0,0,0,1,1,1,1,1,1
1506,0,0,0,1,1,1,1,1,1
1507,1,0,0,1,1,1,1,1,1
1508,1,0,0,0,1,1,1,1,1
1509,1,0,0,0,1,1,1,1,1
1510,1,0,0,0,1,1,1,1,1
1511,1,1,0,0,1,1,1,1,1
1512,1,0,0,0,1,1,1,1,1
1513,1,0,0,0,1,1,1,1,1
1514,1,0,0,0,1,1,1,1,1
1515,1,0,0,0,1,1,1,1,1
1516,0,0,0,0,1,1,1,1,1
1517,0,0,0,0,1,1,1,1,1
1518,0,0,0,0,1,1,1,1,1
1519,0,0,0,0,1,1,1,1,1
1520,1,0,0,0,1,1,1,1,1
1521,0,0,0,0,1,1,1,1,1
1522,0,0,0,0,1,1,1,1,1
1523,1,0,0,0,1,1,1,1,1
1524,1,0,0,0,1,1,1,1,1
1525,1,0,0,0,1,1,1,1,1
1526,1,0,0,0,1,1,1,1,1
1527,1,0,0,0,1,1,1,1,1
1528,1,0,0,0,1,1,1,1,1
1529,1,0,0,0,1,1,1,1,1
1530,1,0,0,0,1,1,1,1,1
1531,1,0,0,0,1,1,1,1,1
1532,1,0,0,0,1,1,1,1,1
1533,1,0,0,0,1,1,1,1,1
1534,1,0,0,0,1,1,1,1,1
1535,0,0,0,0,1,1,1,1,1
1536,0,0,0,0,1,1,1,1,1
1537,0,0,0,0,1,1,1,1,1
1538,0,0,0,0,1,1,1,1,1
1539,1,0,0,0,1,1,1,1,1
1540,1,0,0,0,1,1,1,1,1
1541,0,0,0,0,1,1,1,1,1
1542,0,0,0,0,1,1,1,1,1
1543,0,0,0,0,1,1,1,1,1
1544,0,0,0,0,1,1,1,1,1
1545,0,0,0,0,1,1,1,1,1
1546,0,0,0,0,1,1,1,1,1
1547,0,0,0,0,1,1,1,1,1
1548,0,0,0,0,1,1,1,1,1
1549,1,1,0,0,1,0,1,1,1
1550,1,1,0,0,1,1,1,1,1
1551,1,1,0,0,1,1,1,1,1
1552,0,1,0,0,1,1,1,1,1
1553,1,1,0,0,1,1,1,1,1
1554,1,1,1,1,1,1,1,1,1
1555,1,1,1,1,1,1,1,1,1
1556,1,1,1,1,1,1,1,1,1
1557,1,1,1,1,1,1,1,1,1
1558,1,1,1,1,1,1,1,1,1
1559,1,0,1,1,1,1,1,1,1
1560,1,0,1,1,1,1,1,1,1
1561,1,0,1,1,1,1,1,1,1
1562,1,0,1,1,1,1,1,1,1
1563,1,0,1,1,1,1,1,1,1
1564,1,0,1,1,1,1,1,1,0
1565,1,0,1,1,1,1,1,1,1
1566,0,0,1,1,1,1,1,1,1
1567,1,0,1,1,1,1,1,1,1
1568,0,0,1,1,1,1,1,1,1
1569,1,0,1,1,1,1,1,1,1
1570,1,0,1,1,1,1,1,1,1
1571,1,0,1,1,1,1,1,1,1
1572,1,0,1,1,1,1,1,1,1
1573,1,1,1,1,1,1,1,1,1
1574,1,1,1,1,1,1,1,1,1
1575,1,1,1,1,1,1,1,1,1
1576,1,1,1,1,1,1,1,1,1
1577,1,1,1,1,1,0,1,1,1
1578,1,1,1,1,1,1,1,1,1
1579,0,1,1,1,1,1,1,1,1
1580,1,1,1,1,1,1,1,1,1
1581,1,1,1,1,1,1,1,1,1
1582,1,1,1,1,1,1,1,1,1
1583,1,1,1,1,1,1,1,1,1
1584,0,1,1,1,1,1,1,1,1
1585,0,1,1,1,1,1,1,1,1
1586,1,1,1,1,1,1,1,1,1
1587,1,1,1,1,1,1,1,1,1
1588,0,1,1,1,1,1,1,1,1
1589,1,1,1,1,1,1,1,1,1
1590,0,1,1,1,1,1,1,1,1
1591,0,1,1,1,1,1,1,1,1
1592,1,1,1,1,1,1,1,1,1
1593,1,1,1,1,1,1,1,1,1
1594,1,1,1,1,1,1,1,1,1
1595,1,1,1,1,1,1,1,1,1
1596,1,1,1,1,1,1,1,1,1
1597,1,1,1,1,1,1,1,1,1
1598,1,1,1,1,1,1,1,1,1
1599,1,1,1,1,1,1,1,1,1
1600,0,1,1,1,1,1,1,1,1
1601,1,1,1,1,1,1,1,1,1
1602,0,1,1,1,1,1,1,1,1
1603,0,1,1,1,1,1,1,1,1
1604,0,1,1,1,1,1,1,1,1
1605,1,1,1,1,1,1,1,1,1
1606,0,1,1,1,1,1,1,1,1
1607,1,1,1,1,1,1,1,1,1
1608,1,1,1,1,1,1,1,1,1
1609,1,1,1,1,1,1,1,1,1
1610,1,1,1,1,1,1,1,1,1
1611,1,1,1,1,1,1,1,1,1
1612,1,1,1,1,1,1,1,1,1
1613,1,1,1,1,1,1,1,1,1
1614,1,0,1,1,1,1,1,1,1
1615,1,0,1,1,1,1,1,1,1
1616,1,0,1,1,1,1,1,1,1
1617,1,0,1,1,1,1,1,1,1
1618,0,0,1,1,1,1,1,1,1
1619,0,0,1,1,1,1,1,1,1
1620,0,0,1,1,1,1,1,1,1
1621,0,0,0,1,1,1,1,1,1
1622,0,0,0,1,1,1,1,1,1
1623,1,0,0,1,1,1,1,1,1
1624,1,1,0,1,1,1,1,1,1
1625,0,1,0,1,1,1,1,1,1
1626,0,1,0,1,1,1,1,1,1
1627,0,1,0,1,1,1,1,1,1
1628,0,1,0,1,1,1,1,1,1
1629,0,1,0,1,1,1,1,1,1
1630,0,1,0,1,1,1,1,1,1
1631,0,1,1,1,1,1,1,1,1
1632,0,1,1,1,1,1,1,1,1
1633,1,1,1,1,1,1,1,1,1
1634,1,1,1,1,1,1,1,1,1
1635,1,1,1,1,1,1,1,1,1
1636,1,1,1,1,1,1,1,1,1
1637,1,1,1,1,1,1,1,1,1
1638,1,1,1,1,1,1,1,1,1
1639,1,1,1,1,1,1,1,1,1
1640,1,1,1,1,1,1,1,1,1
1641,0,1,1,1,1,1,1,1,1
1642,0,1,1,1,1,1,1,1,1
1643,0,1,1,1,1,1,1,1,1
1644,0,1,1,1,1,1,1,1,1
1645,0,1,1,1,1,1,1,1,1
1646,0,1,1,1,1,1,1,1,1
1647,0,1,1,1,1,1,1,1,1
1648,1,1,1,1,1,1,1,1,1
1649,1,1,1,1,1,1,1,1,1
1650,1,1,1,1,1,1,1,1,1
1651,1,1,1,1,1,1,1,1,1
1652,1,1,1,1,1,1,1,1,1
1653,1,1,1,1,1,1,1,1,1
1654,1,1,1,1,1,1,1,1,1
1655,1,1,1,1,1,1,1,1,1
1656,1,1,1,1,1,1,1,1,1
1657,1,1,1,1,1,1,1,1,1
1658,0,1,1,1,1,1,1,1,1
1659,0,1,1,1,1,1,1,1,1
1660,0,1,1,1,1,1,1,1,1
1661,0,0,1,1,1,1,1,1,1
1662,1,0,1,1,1,1,1,1,1
1663,1,0,1,1,1,1,1,1,1
1664,1,0,1,1,1,1,1,1,1
1665,1,0,1,1,1,1,1,1,1
1666,1,0,1,1,1,1,1,1,1
1667,1,0,1,1,1,1,1,1,1
1668,1,0,1,1,1,1,1,1,1
1669,1,0,1,1,1,1,1,1,1
1670,1,0,0,1,1,1,1,1,1
1671,1,0,0,1,1,1,1,1,1
1672,1,0,0,1,1,1,1,1,1
1673,1,0,0,1,1,1,1,1,1
1674,1,0,0,1,1,1,1,1,1
1675,1,0,0,1,1,1,1,1,1
1676,1,0,0,1,1,1,1,1,1
1677,1,0,0,1,1,1,1,1,1
1678,1,0,0,1,1,1,1,1,1
1679,1,0,0,1,1,1,1,1,0
1680,1,0,0,1,1,1,1,1,1
1681,1,0,0,0,1,1,1,1,1
1682,1,0,0,0,1,1,1,1,1
1683,0,0,0,0,1,1,1,1,1
1684,1,0,0,0,1,1,1,1,1
1685,0,0,0,0,1,1,1,1,1
1686,0,0,0,0,1,1,1,1,1
1687,0,0,0,0,1,1,1,1,1
1688,0,0,0,0,1,1,1,1,1
1689,0,0,0,0,1,1,1,1,1
1690,0,0,0,0,1,1,1,1,1
1691,0,0,0,0,1,1,1,1,1
1692,1,1,0,0,1,1,1,1,1
1693,1,1,0,0,1,1,1,1,1
1694,0,1,0,0,1,1,1,1,1
1695,1,1,0,0,1,1,1,1,1
1696,1,1,0,0,1,1,1,1,0
1697,0,1,0,0,1,1,1,1,1
1698,0,1,0,0,1,1,1,1,1
1699,0,0,0,0,1,1,1,1,1
1700,0,1,0,0,1,1,1,1,1
1701,0,1,0,0,1,1,1,1,1
1702,0,1,1,0,1,1,1,1,1
1703,0,1,1,0,1,1,1,1,1
1704,1,1,1,0,1,1,1,1,1
1705,1,1,1,0,1,1,1,1,1
1706,0,1,1,1,1,1,1,1,1
1707,0,1,1,1,1,1,1,1,1
1708,0,1,1,1,1,1,1,1,1
1709,1,1,1,1,1,1,1,1,1
1710,1,1,1,1,1,1,1,1,1
1711,1,1,1,1,1,1,1,1,1
1712,1,1,1,1,1,1,1,1,1
1713,0,1,1,1,1,1,1,1,1
1714,0,1,1,1,1,1,1,1,1
1715,0,1,1,1,1,1,1,1,1
1716,0,1,1,1,1,1,1,1,1
1717,0,0,1,1,1,1,1,1,1
1718,1,0,1,1,1,1,1,1,1
1719,1,0,1,1,1,1,1,1,1
1720,1,0,1,1,1,1,1,1,1
1721,1,0,1,1,1,1,1,1,1
1722,1,0,1,1,1,1,1,1,1
1723,1,0,1,1,1,1,1,1,1
1724,1,0,1,1,1,1,1,1,1
1725,1,0,1,1,1,1,1,1,1
1726,1,0,1,1,1,1,1,1,1
1727,0,0,1,1,1,1,1,1,1
1728,0,0,1,1,1,1,1,1,1
1729,1,0,1,1,1,1,1,1,1
1730,1,0,1,1,1,1,1,1,1
1731,1,0,1,1,1,1,1,1,1
1732,1,0,0,1,1,1,1,1,1
1733,0,0,0,1,1,1,1,1,1
1734,1,0,0,1,1,1,1,1,1
1735,1,0,0,1,1,1,1,1,1
1736,1,0,0,1,1,1,1,1,1
1737,1,0,0,1,1,1,1,1,1
1738,1,0,0,1,1,1,1,1,1
1739,1,0,0,1,1,1,1,1,1
1740,1,0,0,1,1,1,1,1,1
1741,0,0,0,1,1,1,1,1,1
1742,0,0,0,1,1,1,1,1,1
1743,0,0,0,1,1,1,1,1,1
1744,0,0,0,1,1,1,1,1,1
1745,0,0,0,0,1,1,1,1,1
1746,0,0,0,0,1,1,1,1,1
1747,0,0,0,0,1,1,1,1,1
1748,0,0,0,0,1,1,1,1,1
1749,0,0,0,0,1,1,1,1,1
1750,0,0,0,0,1,1,1,1,1
1751,1,1,0,0,1,1,1,1,1
1752,1,1,0,0,1,1,1,1,1
1753,1,1,0,0,1,1,1,1,1
1754,1,1,0,0,0,1,1,1,1
1755,0,1,0,0,0,1,1,1,1
1756,1,0,0,0,0,1,1,1,1
1757,1,0,0,0,0,1,1,1,1
1758,1,0,0,0,0,1,1,1,1
1759,0,0,0,0,0,1,1,1,1
1760,0,0,0,0,0,1,1,1,1
1761,0,0,0,0,0,1,1,1,1
1762,0,1,0,0,0,1,1,1,1
1763,1,1,0,0,0,1,1,1,1
1764,1,0,1,0,0,1,1,1,1
1765,1,0,1,0,0,1,1,1,1
1766,1,0,1,0,0,1,1,1,1
1767,1,0,1,0,0,1,1,1,1
1768,1,0,1,0,0,1,1,1,1
1769,1,0,1,1,0,1,1,1,1
1770,0,0,1,1,0,1,1,1,1
1771,1,0,1,0,0,1,1,1,1
1772,0,0,0,0,0,1,1,1,1
1773,0,0,0,0,0,1,1,1,1
1774,0,0,0,0,0,1,1,1,1
1775,0,0,0,0,0,1,1,1,1
1776,0,0,0,0,0,1,1,1,1
1777,0,0,0,0,0,1,1,1,1
1778,1,0,0,0,0,1,1,1,1
1779,1,0,0,0,0,1,1,1,1
1780,0,0,0,0,0,1,1,1,1
1781,1,0,0,0,0,1,1,1,1
1782,0,0,0,0,0,1,1,1,1
1783,0,0,0,0,0,1,1,1,1
1784,0,0,0,0,0,1,1,1,1
1785,0,0,0,0,0,1,1,1,1
1786,1,0,0,0,0,1,1,1,1
1787,1,0,0,0,0,1,1,1,1
1788,1,0,0,0,0,1,1,1,1
1789,1,0,0,0,0,1,1,1,1
1790,0,0,0,0,0,1,1,1,1
1791,1,0,0,0,0,1,1,1,1
1792,1,0,0,0,0,1,1,1,1
1793,1,0,0,0,0,1,1,1,1
1794,1,0,0,0,0,1,1,1,1
1795,1,0,0,0,0,1,1,1,1
1796,0,0,0,0,0,1,1,1,1
1797,0,0,0,0,0,1,1,1,1
1798,0,0,0,0,0,1,1,1,1
1799,1,0,0,0,0,1,1,1,1
1800,1,0,0,0,0,1,1,1,1
1801,1,0,0,0,0,1,1,1,1
1802,1,0,0,0,0,1,1,1,1
1803,0,0,0,0,0,1,1,1,1
1804,0,0,0,0,0,1,1,1,1
1805,0,0,0,0,0,1,1,1,1
1806,0,0,0,0,0,1,1,1,1
1807,1,0,0,0,0,1,1,1,1
1808,1,0,0,0,0,1,1,1,1
1809,1,0,0,0,0,1,1,1,1
1810,0,0,0,0,0,1,1,1,1
1811,0,0,0,0,0,1,1,1,1
1812,0,0,0,0,0,1,1,1,1
1813,1,0,0,0,0,1,1,1,1
1814,1,0,0,0,0,1,1,1,1
1815,1,0,0,0,0,1,1,1,1
1816,1,0,0,0,0,1,1,1,1
1817,1,0,0,0,0,1,1,1,1
1818,0,0,0,0,0,1,1,1,1
1819,0,0,0,0,0,1,1,1,1
1820,0,0,0,0,0,1,1,1,1
1821,0,0,0,0,0,1,1,1,1
1822,0,0,0,0,0,1,1,1,1
1823,1,0,0,0,0,1,1,1,1
1824,1,0,0,0,0,1,1,1,1
1825,1,0,0,0,0,1,1,1,1
1826,1,0,0,0,0,1,1,1,1
1827,1,0,0,0,0,1,1,1,1
1828,0,0,0,0,0,1,1,1,1
1829,0,0,0,0,0,1,1,1,1
1830,0,0,0,0,0,1,1,1,1
1831,0,0,0,0,0,1,1,1,1
1832,0,0,0,0,0,1,1,1,1
1833,0,0,0,0,0,1,1,1,0
1834,0,0,0,0,0,1,1,1,1
1835,1,0,0,0,0,0,1,1,0
1836,0,0,0,0,0,1,1,1,1
1837,1,0,0,0,0,1,1,1,1
1838,0,0,0,0,0,1,1,1,1
1839,0,0,0,0,0,1,1,1,1
1840,0,0,0,0,0,1,1,1,1
1841,0,0,0,0,0,1,1,1,1
1842,0,0,1,0,0,1,1,1,1
1843,0,0,0,0,0,1,1,1,1
1844,0,1,0,0,0,1,1,1,1
1845,1,1,0,0,0,1,1,1,1
1846,1,1,1,0,0,1,1,1,1
1847,1,1,1,0,0,1,1,1,1
1848,1,1,1,0,0,1,1,1,1
1849,1,1,1,0,0,1,1,1,1
1850,1,1,1,0,0,1,1,1,1
1851,1,1,1,0,0,1,1,1,1
1852,1,1,1,0,0,1,1,1,1
1853,0,1,1,0,0,1,1,1,1
1854,0,1,1,0,0,1,1,1,1
1855,0,1,1,0,0,1,1,1,1
1856,0,1,1,0,0,1,1,1,1
1857,0,1,1,0,0,1,1,1,1
1858,0,1,1,0,0,1,1,1,1
1859,1,1,1,1,0,1,1,1,1
1860,1,1,1,1,0,1,1,1,1
1861,1,1,1,1,0,1,1,1,1
1862,1,1,1,1,0,1,1,1,1
1863,0,1,1,1,0,1,1,1,1
1864,0,1,1,1,0,1,1,1,1
1865,0,1,1,1,0,1,1,1,1
1866,0,1,1,1,0,1,1,1,1
1867,1,1,1,1,0,1,1,1,1
1868,1,1,1,1,0,1,1,1,1
1869,1,1,1,1,0,1,1,1,1
1870,0,1,1,1,0,1,1,1,1
1871,0,1,1,1,0,1,1,1,1
1872,0,1,1,1,0,1,1,1,1
1873,0,1,1,1,0,1,1,1,1
1874,1,1,1,1,0,1,1,1,1
1875,0,1,1,1,0,1,1,1,1
1876,1,1,1,1,1,1,1,1,1
1877,1,1,1,1,1,1,1,1,1
1878,1,1,1,1,1,1,1,1,1
1879,1,1,1,1,1,1,1,1,1
1880,1,1,1,1,1,1,1,1,1
1881,1,1,1,1,1,1,1,1,1
1882,1,1,1,1,1,1,1,1,1
1883,1,1,1,1,1,1,1,1,1
1884,1,1,1,1,1,1,1,1,1
1885,0,1,1,1,1,1,1,1,1
1886,0,1,1,1,1,1,1,1,1
1887,0,1,1,1,1,1,1,1,1
1888,0,1,1,1,1,1,1,1,1
1889,0,0,1,1,1,1,1,1,1
1890,0,0,1,1,1,1,1,1,1
1891,0,0,1,1,1,1,1,1,1
1892,1,0,1,1,1,1,1,1,1
1893,1,0,1,1,1,1,1,1,0
1894,1,0,1,1,1,1,1,1,1
1895,1,0,1,1,1,1,1,1,1
1896,1,0,1,1,1,1,1,1,1
1897,0,0,1,1,1,1,1,1,1
1898,1,0,0,1,1,1,1,1,1
1899,1,0,0,1,1,1,1,1,1
1900,1,0,0,1,1,1,1,1,1
1901,1,0,0,1,1,1,1,1,1
1902,0,0,0,1,1,1,1,1,1
1903,0,0,0,1,1,1,1,1,1
1904,0,0,0,1,1,1,1,1,1
1905,0,0,0,1,1,1,1,1,1
1906,0,0,0,1,1,1,1,1,1
1907,0,0,0,1,1,1,1,1,1
1908,0,0,0,1,1,0,1,1,1
1909,0,0,0,1,1,1,1,1,1
1910,0,0,0,1,1,1,1,1,1
1911,1,0,0,1,1,1,1,1,1
1912,0,0,0,1,1,1,1,1,1
1913,1,0,0,1,1,1,1,1,1
1914,1,0,0,1,1,1,1,1,1
1915,0,0,0,1,1,1,1,1,1
1916,0,0,0,1,1,1,1,1,1
1917,0,0,0,1,1,1,1,1,1
1918,0,0,0,1,1,1,1,1,1
1919,0,0,0,1,1,1,1,1,1
1920,0,0,0,1,1,1,1,1,1
1921,0,1,1,1,1,1,1,1,1
1922,1,1,1,1,1,1,1,1,1
1923,1,1,1,1,1,1,1,1,1
1924,1,1,1,1,1,1,1,1,1
1925,1,1,1,1,1,1,1,1,1
1926,1,1,1,1,1,1,1,1,1
1927,0,1,1,1,1,1,1,1,1
1928,1,1,1,1,1,1,1,1,1
1929,0,1,1,1,1,1,1,1,1
1930,1,1,1,1,1,1,1,1,1
1931,0,1,1,1,1,1,1,1,1
1932,0,1,1,1,1,1,1,1,1
1933,1,1,1,1,1,1,1,1,1
1934,1,1,1,1,1,1,1,1,1
1935,1,1,1,1,1,1,1,1,1
1936,0,1,1,1,1,1,1,1,1
1937,0,1,1,1,1,1,1,1,1
1938,0,1,1,1,1,1,1,1,1
1939,0,1,1,1,1,1,1,1,0
1940,1,1,1,1,1,1,1,1,1
1941,1,1,1,1,1,1,1,1,1
1942,1,1,1,1,1,1,1,1,1
1943,1,1,1,1,1,1,1,1,1
1944,1,1,1,1,1,1,1,1,1
1945,1,1,1,1,1,1,1,1,1
1946,0,1,1,1,1,1,1,1,1
1947,1,1,1,1,1,1,1,1,1
1948,0,1,1,1,1,1,1,1,1
1949,0,1,1,1,1,1,1,1,1
1950,0,1,1,1,1,1,1,1,1
1951,1,0,1,1,1,1,1,1,1
1952,0,0,1,1,1,1,1,1,1
1953,1,0,1,1,1,1,1,1,1
1954,1,0,0,1,1,1,1,1,1
1955,0,0,0,1,1,1,1,1,1
1956,0,0,0,1,1,1,1,1,1
1957,0,0,0,1,1,1,1,1,1
1958,0,0,0,1,1,1,1,1,1
1959,0,0,1,1,1,1,1,1,1
1960,0,0,0,1,1,1,1,1,1
1961,0,0,0,1,1,1,1,1,1
1962,0,0,0,1,1,1,1,1,1
1963,0,0,0,1,1,1,1,1,1
1964,0,0,0,1,1,1,1,1,1
1965,0,1,0,1,1,1,1,1,1
1966,0,1,0,1,1,1,1,1,1
1967,1,1,0,1,1,1,1,1,1
1968,1,1,0,1,1,1,1,1,1
1969,1,1,1,1,1,1,1,1,1
1970,1,1,1,1,1,1,1,1,1
1971,1,1,1,1,1,1,1,1,1
1972,1,1,1,1,1,1,1,1,1
1973,1,1,1,1,1,1,1,1,1
1974,1,0,1,1,1,1,1,1,1
1975,1,0,1,1,1,1,1,1,1
1976,1,1,1,1,1,1,1,1,1
1977,1,1,1,1,1,1,1,1,1
1978,1,1,1,1,1,1,1,1,1
1979,1,0,1,1,1,1,1,1,1
1980,1,0,1,1,1,1,1,1,1
1981,1,0,1,1,1,1,1,1,1
1982,1,0,1,1,1,1,1,1,1
1983,1,0,1,1,1,1,1,1,1
1984,1,0,1,1,1,1,1,1,1
1985,1,0,1,1,1,1,1,1,1
1986,1,0,1,1,1,1,1,1,1
1987,0,0,1,1,1,1,1,1,1
1988,0,0,1,1,1,1,1,1,1
1989,0,0,0,1,1,1,1,1,1
1990,0,0,0,1,1,1,1,1,1
1991,1,0,0,1,1,1,1,1,1
1992,1,0,0,1,1,1,1,1,1
1993,1,0,0,1,1,1,1,1,1
1994,1,0,0,1,1,1,1,1,1
1995,0,0,0,1,1,1,1,1,1
1996,1,0,0,0,1,1,1,1,1
1997,1,0,0,0,1,1,1,1,1
1998,1,0,0,0,1,1,1,1,1
1999,1,0,0,0,1,1,1,1,1
2000,0,0,0,0,1,1,1,1,1
2001,0,0,0,0,1,1,1,1,1
2002,0,0,0,0,1,1,1,1,1
2003,0,0,0,0,1,1,1,1,1
2004,0,0,0,0,1,1,1,1,1
2005,0,0,0,0,1,1,1,1,1
2006,0,0,0,0,1,1,1,1,1
2007,0,0,0,0,1,1,1,1,1
2008,0,0,0,0,1,1,1,1,1
2009,0,1,0,0,1,1,1,1,1
2010,1,1,0,0,1,1,1,1,1
2011,1,1,0,0,1,1,1,1,1
2012,1,1,0,0,1,1,1,1,1
2013,1,1,0,0,1,1,1,1,1
2014,1,1,0,0,1,1,1,1,1
2015,1,1,1,1,1,1,1,1,1
2016,0,1,1,1,1,1,1,1,1
2017,0,1,1,1,1,1,1,1,1
2018,0,1,1,1,1,1,1,1,1
2019,0,1,1,1,1,1,1,1,1
2020,0,1,1,1,1,1,1,1,1
2021,1,1,1,1,1,1,1,1,1
2022,1,1,1,1,1,1,1,1,1
2023,1,0,1,1,1,1,1,1,1
2024,1,0,1,1,1,1,1,1,1
2025,1,0,1,1,1,1,1,1,1
2026,1,0,1,1,1,1,1,1,1
2027,1,0,1,1,1,1,1,1,1
2028,1,0,1,1,1,1,1,1,1
2029,1,0,1,1,1,1,1,1,1
2030,1,0,1,1,1,1,1,1,1
2031,1,0,1,1,1,1,1,1,1
2032,1,0,1,1,1,1,1,1,1
2033,1,0,0,0,1,1,1,1,1
2034,1,0,0,0,1,1,1,1,1
2035,1,0,0,0,1,1,1,1,1
2036,0,0,0,0,1,1,1,1,1
2037,0,0,0,0,1,1,1,1,1
2038,0,0,0,0,1,1,1,1,1
2039,0,0,0,0,1,1,1,1,1
2040,0,0,0,0,1,1,1,1,1
2041,0,0,0,0,1,1,1,1,1
2042,0,0,0,0,1,1,1,1,1
2043,0,0,0,0,1,1,1,1,1
2044,1,0,0,0,1,1,1,1,0
2045,1,0,0,0,0,1,1,1,1
2046,0,0,0,0,0,1,1,1,1
2047,0,0,0,0,0,1,1,1,1
2048,0,0,0,0,0,1,1,1,1
2049,0,0,0,0,0,1,1,1,1
2050,0,0,0,0,0,1,1,1,1
2051,0,0,0,0,0,1,1,1,1
2052,0,0,0,0,0,1,1,1,1
2053,0,1,0,0,0,1,1,1,1
2054,0,1,0,0,0,1,1,1,1
2055,0,1,0,0,0,1,1,1,0
2056,0,1,0,0,0,1,1,1,1
2057,0,1,0,0,0,1,1,1,1
2058,1,1,0,0,0,1,1,1,1
2059,0,0,0,0,0,1,1,1,1
2060,0,0,1,0,0,1,1,1,1
2061,0,0,1,0,0,1,1,1,1
2062,0,1,1,0,0,1,1,1,1
2063,0,1,1,0,0,1,1,1,1
2064,0,1,1,1,0,1,1,1,1
2065,0,1,1,1,0,1,1,1,1
2066,1,1,1,1,0,1,1,1,1
2067,1,1,1,1,0,1,1,1,1
2068,1,1,1,1,0,1,1,1,1
2069,1,1,1,1,0,1,1,1,1
2070,1,1,1,1,1,1,1,1,1
2071,1,1,1,1,1,1,1,1,1
2072,1,1,1,1,1,1,1,1,1
2073,1,1,1,1,1,1,1,1,1
2074,0,1,1,1,1,1,1,1,1
2075,0,1,1,1,1,1,1,1,1
2076,1,1,1,1,1,1,1,1,1
2077,1,1,1,1,1,1,1,1,1
2078,1,1,1,1,1,1,1,1,1
2079,1,1,1,1,1,1,1,1,1
2080,1,1,1,1,1,1,1,1,1
2081,0,1,1,1,1,1,1,1,1
2082,1,0,1,1,1,1,1,1,0
2083,1,0,1,1,1,1,1,1,1
2084,1,0,1,1,1,1,1,1,1
2085,1,0,1,1,1,1,1,1,1
2086,0,0,1,1,1,1,1,1,1
2087,0,0,1,1,1,1,1,1,1
2088,0,0,1,1,1,1,1,1,0
2089,0,0,0,1,0,1,1,1,1
2090,0,0,0,1,0,1,1,1,1
2091,0,0,0,1,0,1,1,1,1
2092,0,0,0,1,0,1,1,1,1
2093,1,0,0,1,0,1,1,1,1
2094,1,0,0,1,0,1,1,1,1
2095,1,0,0,1,0,1,1,1,1
2096,0,0,0,1,1,1,1,1,1
2097,0,1,0,1,1,1,1,1,1
2098,1,0,0,1,1,1,1,1,1
2099,0,0,0,1,1,1,1,1,1
2100,1,0,0,1,1,1,1,1,1
2101,1,0,0,1,1,1,1,1,1
2102,0,0,0,1,1,1,1,1,1
2103,0,0,0,1,1,1,1,1,1
2104,0,0,0,1,1,0,1,1,1
2105,0,0,0,1,1,1,1,1,1
2106,0,0,0,1,1,1,1,1,1
2107,0,0,0,1,1,1,1,1,1
2108,0,0,0,1,1,1,1,1,1
2109,0,0,0,1,1,1,1,1,1
2110,0,0,0,1,1,1,1,1,1
2111,0,0,1,1,1,1,1,1,0
2112,0,0,1,1,1,1,1,1,1
2113,0,0,1,1,1,1,1,1,1
2114,1,1,1,1,1,1,1,1,1
2115,1,1,0,1,1,1,1,1,1
2116,1,1,0,1,1,1,1,1,1
2117,0,1,1,1,1,1,1,1,1
2118,0,0,1,1,1,1,1,1,1
2119,1,0,1,1,1,1,1,1,0
2120,1,0,1,1,1,1,1,1,1
2121,1,0,1,1,1,1,1,1,1
2122,1,0,1,1,1,1,1,1,1
2123,0,0,1,1,1,1,1,1,1
2124,0,0,1,1,1,1,1,1,1
2125,0,0,1,1,1,1,1,1,1
2126,0,0,1,1,1,1,1,1,1
2127,1,0,1,1,1,1,1,1,1
2128,1,1,1,1,1,1,1,1,1
2129,1,1,1,1,1,1,1,1,1
2130,1,1,1,1,1,1,1,1,1
2131,1,1,1,1,1,1,1,1,1
2132,1,1,1,1,1,1,1,1,1
2133,1,1,1,1,1,1,1,1,1
2134,1,1,1,1,1,1,1,1,1
2135,1,1,1,1,1,1,1,1,1
2136,1,1,1,1,1,1,1,1,1
2137,1,1,1,1,1,1,1,1,1
2138,1,1,1,1,1,1,1,1,1
2139,1,0,1,1,1,1,1,1,1
2140,1,0,1,1,1,1,1,1,1
2141,1,0,1,1,1,0,1,1,1
2142,1,0,1,1,1,0,1,1,1
2143,1,0,1,1,1,1,1,1,1
2144,0,0,1,1,1,1,1,1,1
2145,0,0,1,1,1,1,1,1,1
2146,0,0,0,1,1,1,1,1,1
2147,0,0,0,1,1,1,1,1,1
2148,0,0,0,1,1,1,1,1,1
2149,0,0,0,1,1,1,1,1,1
2150,0,0,0,1,1,1,1,1,0
2151,0,0,0,1,1,1,1,1,1
2152,1,0,0,1,1,1,1,1,1
2153,1,0,0,1,1,1,1,1,0
2154,1,0,0,1,1,1,1,1,1
2155,1,0,0,1,1,1,1,1,1
2156,1,1,0,1,1,1,1,1,1
2157,1,1,0,1,1,1,1,1,1
2158,1,1,0,1,1,1,1,1,1
2159,1,1,0,1,1,1,1,1,1
2160,0,1,0,1,1,1,1,1,1
2161,0,0,0,1,1,1,1,1,1
2162,1,0,0,1,1,1,1,1,1
2163,1,0,0,1,1,1,1,1,1
2164,0,0,0,1,1,1,1,1,1
2165,1,0,0,1,1,1,1,1,1
2166,1,0,0,1,1,1,1,1,1
2167,1,0,0,1,1,1,1,1,1
2168,1,0,0,1,1,1,1,1,1
2169,1,0,0,1,1,1,1,1,1
2170,1,0,0,1,1,1,1,1,1
2171,1,0,0,1,1,1,1,1,1
2172,1,0,0,1,1,1,1,1,1
2173,1,0,0,1,1,1,1,1,1
2174,0,0,0,1,1,1,1,1,1
2175,0,0,0,1,1,1,1,1,1
2176,0,0,0,1,1,1,1,1,1
2177,1,0,0,1,1,1,1,1,1
2178,1,0,0,1,1,1,1,1,1
2179,1,0,0,0,1,1,1,1,1
2180,1,0,0,0,1,1,1,1,1
2181,1,0,0,0,1,1,1,1,1
2182,0,0,0,0,1,1,1,1,1
2183,0,0,0,0,1,1,1,1,1
2184,0,0,0,0,1,1,1,1,1
2185,0,0,0,0,1,1,1,1,1
2186,1,0,0,0,1,1,1,1,1
2187,1,0,0,0,1,1,1,1,1
2188,0,0,0,0,1,1,1,1,1
2189,0,0,0,0,1,1,1,1,1
2190,0,0,0,0,1,1,1,1,1
2191,0,0,0,0,1,1,1,1,1
2192,0,0,0,0,1,1,1,1,1
2193,0,0,0,0,1,1,1,1,0
2194,0,0,0,0,1,1,1,1,1
2195,1,0,0,0,1,1,1,1,1
2196,1,1,0,0,1,1,1,1,1
2197,1,1,0,0,1,1,1,1,1
2198,1,1,0,0,1,1,1,1,1
2199,1,1,0,0,1,1,1,1,1
2200,1,1,0,0,1,1,1,1,1
2201,1,1,0,0,1,1,1,1,1
2202,1,0,0,0,1,1,1,1,1
2203,1,0,0,0,1,1,1,1,1
2204,1,0,0,0,1,1,1,1,1
2205,1,0,0,0,1,1,1,1,1
2206,1,0,0,0,1,1,1,1,1
2207,0,0,0,0,1,1,1,1,1
2208,0,0,0,0,1,1,1,1,1
2209,1,0,0,0,1,1,1,1,1
2210,0,0,1,1,1,1,1,1,1
2211,0,0,1,1,1,1,1,1,1
2212,0,0,1,1,1,1,1,1,1
