,Date,Open,High,Low,Close,Predicted_results,action,Sell_Signal_Profit,Sell_Signal_Return,Cumulative_Profit
0,2020-01-02,9039.459961,9093.429688,9010.889648,9092.19043,0,No action,0.0,0.0,0.0
1,2020-01-03,8976.429688,9065.759766,8976.429688,9020.769531,1,Buy,0.0,0.0,0.0
2,2020-01-06,8943.5,9072.410156,8943.5,9071.469727,0,Holding,0.0,0.0,0.0
3,2020-01-07,9076.639648,9091.929688,9042.549805,9068.580078,0,sell,47.26074200000039,0.5239103142762731,47.26074200000039
4,2020-01-08,9068.030273,9168.889648,9059.379883,9129.240234,1,Buy,0.0,0.0,47.26074200000039
5,2020-01-09,9202.269531,9215.950195,9158.5,9203.429688,0,Holding,0.0,0.0,47.26074200000039
6,2020-01-10,9232.950195,9235.200195,9164.660156,9178.860352,0,sell,84.47949299999891,0.9253726579061005,131.7402349999993
7,2020-01-13,9213.719727,9274.490234,9193.05957,9273.929688,0,No action,0.0,0.0,131.7402349999993
8,2020-01-14,9270.610352,9298.330078,9226.490234,9251.330078,0,No action,0.0,0.0,131.7402349999993
9,2020-01-15,9253.759766,9298.820313,9231.139648,9258.700195,0,No action,0.0,0.0,131.7402349999993
10,2020-01-16,9313.450195,9357.919922,9301.320313,9357.129883,0,No action,0.0,0.0,131.7402349999993
11,2020-01-17,9392.370117,9393.480469,9346.80957,9388.94043,0,No action,0.0,0.0,131.7402349999993
12,2020-01-21,9361.070313,9397.580078,9350.200195,9370.80957,0,No action,0.0,0.0,131.7402349999993
13,2020-01-22,9413.610352,9439.290039,9375.129883,9383.769531,0,No action,0.0,0.0,131.7402349999993
14,2020-01-23,9377.719727,9409.200195,9334.129883,9402.480469,0,No action,0.0,0.0,131.7402349999993
15,2020-01-24,9446.209961,9451.429688,9273.230469,9314.910156,1,Buy,0.0,0.0,131.7402349999993
16,2020-01-27,9092.459961,9185.450195,9088.040039,9139.30957,1,Holding,0.0,0.0,131.7402349999993
17,2020-01-28,9201.820313,9288.870117,9182.330078,9269.679688,0,Holding,0.0,0.0,131.7402349999993
18,2020-01-29,9318.259766,9329.120117,9249.040039,9275.160156,0,sell,-103.7597650000007,-1.1139105290582547,27.980469999998604
19,2020-01-30,9211.150391,9303.0,9185.179688,9298.929688,0,No action,0.0,0.0,27.980469999998604
20,2020-01-31,9324.330078,9324.799805,9123.219727,9150.94043,0,No action,0.0,0.0,27.980469999998604
21,2020-02-03,9190.719727,9299.849609,9188.549805,9273.400391,0,No action,0.0,0.0,27.980469999998604
22,2020-02-04,9398.389648,9485.379883,9374.049805,9467.969727,1,Buy,0.0,0.0,27.980469999998604
23,2020-02-05,9574.099609,9574.94043,9454.929688,9508.679688,1,Holding,0.0,0.0,27.980469999998604
24,2020-02-06,9540.980469,9575.660156,9505.679688,9572.150391,0,Holding,0.0,0.0,27.980469999998604
25,2020-02-07,9526.639648,9570.089844,9496.530273,9520.509766,0,sell,25.660155999999915,0.271020680672693,53.64062599999852
26,2020-02-10,9493.629883,9628.660156,9493.629883,9628.389648,1,Buy,0.0,0.0,53.64062599999852
27,2020-02-11,9680.889648,9714.740234,9617.209961,9638.94043,1,Holding,0.0,0.0,53.64062599999852
28,2020-02-12,9688.599609,9728.769531,9666.69043,9725.959961,1,Holding,0.0,0.0,53.64062599999852
29,2020-02-13,9657.040039,9748.320313,9650.019531,9711.969727,0,Holding,0.0,0.0,53.64062599999852
30,2020-02-14,9728.900391,9746.360352,9693.049805,9731.179688,1,Holding,0.0,0.0,53.64062599999852
31,2020-02-18,9679.040039,9747.679688,9675.799805,9732.740234,1,Holding,0.0,0.0,53.64062599999852
32,2020-02-19,9782.80957,9838.370117,9777.099609,9817.179688,0,Holding,0.0,0.0,53.64062599999852
33,2020-02-20,9799.200195,9820.860352,9636.94043,9750.969727,0,sell,79.62011799999891,0.8269307839711029,133.26074399999743
34,2020-02-21,9708.009766,9715.950195,9542.330078,9576.589844,1,Buy,0.0,0.0,133.26074399999743
35,2020-02-24,9188.44043,9322.879883,9166.009766,9221.280273,1,Holding,0.0,0.0,133.26074399999743
36,2020-02-25,9301.200195,9315.259766,8940.490234,8965.610352,0,Holding,0.0,0.0,133.26074399999743
37,2020-02-26,9011.549805,9148.320313,8927.799805,8980.780273,0,sell,-832.5595709999998,-8.693695611508533,-699.2988270000023
38,2020-02-27,8744.030273,8904.110352,8562.049805,8566.480469,1,Buy,0.0,0.0,-699.2988270000023
39,2020-02-28,8269.740234,8591.820313,8264.160156,8567.370117,1,Holding,0.0,0.0,-699.2988270000023
40,2020-03-02,8667.139648,8952.80957,8543.349609,8952.169922,1,Holding,0.0,0.0,-699.2988270000023
41,2020-03-03,8965.099609,9070.320313,8602.889648,8684.089844,1,Holding,0.0,0.0,-699.2988270000023
42,2020-03-04,8834.099609,9019.959961,8757.660156,9018.089844,1,Holding,0.0,0.0,-699.2988270000023
43,2020-03-05,8790.089844,8921.080078,8677.389648,8738.589844,0,Holding,0.0,0.0,-699.2988270000023
44,2020-03-06,8469.019531,8612.360352,8375.129883,8575.620117,1,Holding,0.0,0.0,-699.2988270000023
45,2020-03-09,7957.930176,8243.30957,7943.160156,7950.680176,1,Holding,0.0,0.0,-699.2988270000023
46,2020-03-10,8219.759766,8347.400391,7930.430176,8344.25,1,Holding,0.0,0.0,-699.2988270000023
47,2020-03-11,8136.25,8181.359863,7850.950195,7952.049805,1,Holding,0.0,0.0,-699.2988270000023
48,2020-03-12,7398.580078,7712.330078,7194.669922,7201.799805,0,Holding,0.0,0.0,-699.2988270000023
49,2020-03-13,7610.390137,7875.930176,7219.089844,7874.879883,1,Holding,0.0,0.0,-699.2988270000023
50,2020-03-16,7392.72998,7422.200195,6882.859863,6904.589844,1,Holding,0.0,0.0,-699.2988270000023
51,2020-03-17,7072.0,7406.22998,6828.910156,7334.779785,1,Holding,0.0,0.0,-699.2988270000023
52,2020-03-18,6902.319824,7182.830078,6686.359863,6989.839844,1,Holding,0.0,0.0,-699.2988270000023
53,2020-03-19,6996.450195,7341.379883,6858.379883,7150.580078,1,Holding,0.0,0.0,-699.2988270000023
54,2020-03-20,7248.069824,7354.439941,6854.669922,6879.52002,1,Holding,0.0,0.0,-699.2988270000023
55,2020-03-23,6847.279785,6984.939941,6631.419922,6860.669922,1,Holding,0.0,0.0,-699.2988270000023
56,2020-03-24,7196.149902,7418.370117,7169.859863,7417.859863,1,Holding,0.0,0.0,-699.2988270000023
57,2020-03-25,7421.359863,7671.209961,7276.399902,7384.299805,1,Holding,0.0,0.0,-699.2988270000023
58,2020-03-26,7462.209961,7809.830078,7462.209961,7797.540039,1,Holding,0.0,0.0,-699.2988270000023
59,2020-03-27,7554.25,7716.240234,7491.140137,7502.379883,1,Holding,0.0,0.0,-699.2988270000023
60,2020-03-30,7583.459961,7784.350098,7539.970215,7774.149902,1,Holding,0.0,0.0,-699.2988270000023
61,2020-03-31,7740.060059,7880.310059,7642.859863,7700.100098,1,Holding,0.0,0.0,-699.2988270000023
62,2020-04-01,7459.5,7566.370117,7301.97998,7360.580078,1,Holding,0.0,0.0,-699.2988270000023
63,2020-04-02,7317.450195,7501.700195,7307.950195,7487.310059,1,Holding,0.0,0.0,-699.2988270000023
64,2020-04-03,7477.27002,7518.720215,7288.109863,7373.080078,0,Holding,0.0,0.0,-699.2988270000023
65,2020-04-06,7660.169922,7938.330078,7617.790039,7913.240234,0,sell,-436.4902350000002,-5.095327498609863,-1135.7890620000026
66,2020-04-07,8129.990234,8146.430176,7881.220215,7887.259766,0,No action,0.0,0.0,-1135.7890620000026
67,2020-04-08,7975.720215,8114.430176,7901.939941,8090.899902,0,No action,0.0,0.0,-1135.7890620000026
68,2020-04-09,8169.009766,8227.910156,8072.319824,8153.580078,1,Buy,0.0,0.0,-1135.7890620000026
69,2020-04-13,8127.689941,8200.44043,8035.950195,8192.419922,0,Holding,0.0,0.0,-1135.7890620000026
70,2020-04-14,8353.209961,8531.110352,8338.080078,8515.740234,1,Holding,0.0,0.0,-1135.7890620000026
71,2020-04-15,8355.959961,8464.660156,8308.790039,8393.179688,0,Holding,0.0,0.0,-1135.7890620000026
72,2020-04-16,8479.110352,8560.160156,8393.269531,8532.360352,0,sell,513.9003910000001,6.3027576363247695,-621.8886710000024
73,2020-04-17,8667.480469,8670.299805,8531.69043,8650.139648,0,No action,0.0,0.0,-621.8886710000024
74,2020-04-20,8553.379883,8684.910156,8553.379883,8560.730469,0,No action,0.0,0.0,-621.8886710000024
75,2020-04-21,8460.69043,8480.290039,8215.69043,8263.230469,0,No action,0.0,0.0,-621.8886710000024
76,2020-04-22,8434.549805,8537.30957,8404.540039,8495.379883,1,Buy,0.0,0.0,-621.8886710000024
77,2020-04-23,8528.839844,8635.230469,8475.200195,8494.75,0,Holding,0.0,0.0,-621.8886710000024
78,2020-04-24,8530.080078,8642.929688,8464.419922,8634.519531,0,sell,222.60058600000048,2.6202546450623565,-399.28808500000196
79,2020-04-27,8717.980469,8754.570313,8697.370117,8730.160156,1,Buy,0.0,0.0,-399.28808500000196
80,2020-04-28,8825.69043,8830.570313,8600.700195,8607.730469,0,Holding,0.0,0.0,-399.28808500000196
81,2020-04-29,8802.700195,8957.269531,8765.009766,8914.709961,1,Holding,0.0,0.0,-399.28808500000196
82,2020-04-30,8911.019531,8926.110352,8825.830078,8889.549805,1,Holding,0.0,0.0,-399.28808500000196
83,2020-05-01,8681.290039,8754.459961,8566.839844,8604.950195,1,Holding,0.0,0.0,-399.28808500000196
84,2020-05-04,8555.320313,8715.820313,8537.830078,8710.709961,0,Holding,0.0,0.0,-399.28808500000196
85,2020-05-05,8809.660156,8909.959961,8781.30957,8809.120117,1,Holding,0.0,0.0,-399.28808500000196
86,2020-05-06,8874.700195,8933.25,8819.370117,8854.389648,1,Holding,0.0,0.0,-399.28808500000196
87,2020-05-07,8973.780273,9015.990234,8932.860352,8979.660156,1,Holding,0.0,0.0,-399.28808500000196
88,2020-05-08,9056.889648,9125.980469,9018.209961,9121.320313,1,Holding,0.0,0.0,-399.28808500000196
89,2020-05-11,9054.910156,9241.919922,9053.169922,9192.339844,1,Holding,0.0,0.0,-399.28808500000196
90,2020-05-12,9225.150391,9250.959961,9000.070313,9002.549805,1,Holding,0.0,0.0,-399.28808500000196
91,2020-05-13,9006.049805,9074.160156,8752.679688,8863.169922,0,Holding,0.0,0.0,-399.28808500000196
92,2020-05-14,8788.040039,8945.709961,8705.25,8943.719727,1,Holding,0.0,0.0,-399.28808500000196
93,2020-05-15,8839.990234,9018.400391,8821.379883,9014.55957,1,Holding,0.0,0.0,-399.28808500000196
94,2020-05-18,9177.150391,9267.219727,9154.349609,9234.830078,1,Holding,0.0,0.0,-399.28808500000196
95,2020-05-19,9227.459961,9317.25,9183.25,9185.099609,1,Holding,0.0,0.0,-399.28808500000196
96,2020-05-20,9305.620117,9392.820313,9304.200195,9375.780273,0,Holding,0.0,0.0,-399.28808500000196
97,2020-05-21,9375.19043,9405.25,9254.849609,9284.879883,1,Holding,0.0,0.0,-399.28808500000196
98,2020-05-22,9278.549805,9328.280273,9239.410156,9324.589844,0,Holding,0.0,0.0,-399.28808500000196
99,2020-05-26,9501.209961,9501.209961,9333.160156,9340.219727,0,sell,615.9599610000005,7.055540219118066,216.67187599999852
100,2020-05-27,9346.120117,9414.620117,9144.280273,9412.360352,1,Buy,0.0,0.0,216.67187599999852
101,2020-05-28,9392.990234,9523.639648,9345.280273,9368.990234,0,Holding,0.0,0.0,216.67187599999852
102,2020-05-29,9382.349609,9505.549805,9324.730469,9489.870117,1,Holding,0.0,0.0,216.67187599999852
103,2020-06-01,9471.419922,9571.280273,9462.320313,9552.049805,1,Holding,0.0,0.0,216.67187599999852
104,2020-06-02,9566.530273,9611.219727,9472.080078,9608.379883,1,Holding,0.0,0.0,216.67187599999852
105,2020-06-03,9651.860352,9707.780273,9627.169922,9682.910156,1,Holding,0.0,0.0,216.67187599999852
106,2020-06-04,9649.650391,9716.139648,9560.410156,9615.80957,1,Holding,0.0,0.0,216.67187599999852
107,2020-06-05,9703.540039,9845.69043,9685.349609,9814.080078,1,Holding,0.0,0.0,216.67187599999852
108,2020-06-08,9823.44043,9927.129883,9780.610352,9924.75,1,Holding,0.0,0.0,216.67187599999852
109,2020-06-09,9867.19043,10002.5,9863.269531,9953.75,1,Holding,0.0,0.0,216.67187599999852
110,2020-06-10,10012.320313,10086.889648,9962.580078,10020.349609,1,Holding,0.0,0.0,216.67187599999852
111,2020-06-11,9791.240234,9868.080078,9491.30957,9492.730469,1,Holding,0.0,0.0,216.67187599999852
112,2020-06-12,9715.870117,9768.639648,9413.620117,9588.80957,1,Holding,0.0,0.0,216.67187599999852
113,2020-06-15,9426.900391,9756.070313,9403.0,9726.019531,0,Holding,0.0,0.0,216.67187599999852
114,2020-06-16,9949.780273,9963.629883,9748.379883,9895.870117,1,Holding,0.0,0.0,216.67187599999852
115,2020-06-17,9943.30957,9991.209961,9891.80957,9910.530273,0,Holding,0.0,0.0,216.67187599999852
116,2020-06-18,9892.480469,9959.200195,9885.660156,9943.049805,0,sell,629.7695309999999,6.690877818614141,846.4414069999984
117,2020-06-19,10042.129883,10053.910156,9872.94043,9946.120117,1,Buy,0.0,0.0,846.4414069999984
118,2020-06-22,9945.490234,10059.610352,9916.599609,10056.480469,1,Holding,0.0,0.0,846.4414069999984
119,2020-06-23,10130.830078,10221.849609,10112.44043,10131.370117,0,Holding,0.0,0.0,846.4414069999984
120,2020-06-24,10092.919922,10137.5,9842.219727,9909.169922,0,sell,-46.7597650000007,-0.47013070875826724,799.6816419999977
121,2020-06-25,9899.360352,10023.280273,9810.469727,10017.0,0,No action,0.0,0.0,799.6816419999977
122,2020-06-26,9995.120117,10000.669922,9749.070313,9757.219727,1,Buy,0.0,0.0,799.6816419999977
123,2020-06-29,9771.719727,9877.339844,9663.610352,9874.150391,1,Holding,0.0,0.0,799.6816419999977
124,2020-06-30,9875.290039,10085.589844,9863.669922,10058.769531,1,Holding,0.0,0.0,799.6816419999977
125,2020-07-01,10063.669922,10197.19043,10048.040039,10154.629883,0,Holding,0.0,0.0,799.6816419999977
126,2020-07-02,10268.669922,10310.360352,10194.05957,10207.629883,0,sell,603.1601559999999,6.18168056962934,1402.8417979999977
127,2020-07-06,10360.379883,10462.049805,10354.980469,10433.650391,1,Buy,0.0,0.0,1402.8417979999977
128,2020-07-07,10412.459961,10518.980469,10337.980469,10343.889648,1,Holding,0.0,0.0,1402.8417979999977
129,2020-07-08,10409.349609,10494.629883,10350.959961,10492.5,1,Holding,0.0,0.0,1402.8417979999977
130,2020-07-09,10563.719727,10578.099609,10379.910156,10547.75,1,Holding,0.0,0.0,1402.8417979999977
131,2020-07-10,10545.910156,10622.349609,10447.009766,10617.44043,1,Holding,0.0,0.0,1402.8417979999977
132,2020-07-13,10729.919922,10824.780273,10368.040039,10390.839844,1,Holding,0.0,0.0,1402.8417979999977
133,2020-07-14,10310.25,10497.830078,10182.459961,10488.580078,1,Holding,0.0,0.0,1402.8417979999977
134,2020-07-15,10576.719727,10604.669922,10420.540039,10550.490234,0,Holding,0.0,0.0,1402.8417979999977
135,2020-07-16,10443.870117,10499.790039,10364.389648,10473.830078,1,Holding,0.0,0.0,1402.8417979999977
136,2020-07-17,10500.519531,10532.620117,10421.209961,10503.19043,1,Holding,0.0,0.0,1402.8417979999977
137,2020-07-20,10526.019531,10783.799805,10488.040039,10767.089844,1,Holding,0.0,0.0,1402.8417979999977
138,2020-07-21,10837.879883,10839.929688,10650.459961,10680.360352,1,Holding,0.0,0.0,1402.8417979999977
139,2020-07-22,10687.580078,10745.320313,10627.450195,10706.129883,1,Holding,0.0,0.0,1402.8417979999977
140,2020-07-23,10689.5,10728.120117,10407.870117,10461.419922,0,Holding,0.0,0.0,1402.8417979999977
141,2020-07-24,10294.410156,10418.75,10217.30957,10363.179688,1,Holding,0.0,0.0,1402.8417979999977
142,2020-07-27,10421.700195,10546.44043,10399.860352,10536.269531,1,Holding,0.0,0.0,1402.8417979999977
143,2020-07-28,10509.200195,10523.639648,10397.870117,10402.089844,1,Holding,0.0,0.0,1402.8417979999977
144,2020-07-29,10474.700195,10567.910156,10464.0,10542.94043,1,Holding,0.0,0.0,1402.8417979999977
145,2020-07-30,10450.120117,10609.589844,10412.089844,10587.80957,1,Holding,0.0,0.0,1402.8417979999977
146,2020-07-31,10741.469727,10747.799805,10557.700195,10745.269531,1,Holding,0.0,0.0,1402.8417979999977
147,2020-08-03,10848.639648,10927.55957,10831.150391,10902.799805,0,Holding,0.0,0.0,1402.8417979999977
148,2020-08-04,10897.889648,10941.910156,10852.900391,10941.169922,0,sell,534.2197260000012,5.1201612664807685,1937.0615239999988
149,2020-08-05,10967.870117,11002.110352,10943.719727,10998.400391,1,Buy,0.0,0.0,1937.0615239999988
150,2020-08-06,10989.980469,11121.19043,10963.410156,11108.070313,1,Holding,0.0,0.0,1937.0615239999988
151,2020-08-07,11072.530273,11126.040039,10920.370117,11010.980469,0,Holding,0.0,0.0,1937.0615239999988
152,2020-08-10,11033.730469,11040.240234,10849.459961,10968.360352,1,Holding,0.0,0.0,1937.0615239999988
153,2020-08-11,10942.660156,10989.419922,10762.709961,10782.820313,1,Holding,0.0,0.0,1937.0615239999988
154,2020-08-12,10878.120117,11036.719727,10877.160156,11012.240234,1,Holding,0.0,0.0,1937.0615239999988
155,2020-08-13,11026.860352,11124.849609,11007.5,11042.5,1,Holding,0.0,0.0,1937.0615239999988
156,2020-08-14,11042.240234,11058.44043,10972.05957,11019.299805,1,Holding,0.0,0.0,1937.0615239999988
157,2020-08-17,11083.25,11144.530273,11080.299805,11129.730469,1,Holding,0.0,0.0,1937.0615239999988
158,2020-08-18,11170.75,11230.620117,11103.830078,11210.839844,0,Holding,0.0,0.0,1937.0615239999988
159,2020-08-19,11214.799805,11257.419922,11132.099609,11146.459961,1,Holding,0.0,0.0,1937.0615239999988
160,2020-08-20,11096.400391,11283.620117,11090.030273,11264.950195,1,Holding,0.0,0.0,1937.0615239999988
161,2020-08-21,11258.44043,11326.209961,11245.44043,11311.799805,1,Holding,0.0,0.0,1937.0615239999988
162,2020-08-24,11449.25,11462.049805,11297.530273,11379.719727,0,Holding,0.0,0.0,1937.0615239999988
163,2020-08-25,11370.230469,11468.259766,11343.040039,11466.469727,1,Holding,0.0,0.0,1937.0615239999988
164,2020-08-26,11516.620117,11672.049805,11507.459961,11665.05957,0,Holding,0.0,0.0,1937.0615239999988
165,2020-08-27,11688.19043,11730.009766,11551.009766,11625.339844,1,Holding,0.0,0.0,1937.0615239999988
166,2020-08-28,11689.280273,11708.769531,11634.769531,11695.629883,1,Holding,0.0,0.0,1937.0615239999988
167,2020-08-31,11718.80957,11829.839844,11697.419922,11775.459961,1,Holding,0.0,0.0,1937.0615239999988
168,2020-09-01,11850.959961,11945.719727,11794.780273,11939.669922,1,Holding,0.0,0.0,1937.0615239999988
169,2020-09-02,12047.259766,12074.05957,11836.179688,12056.44043,0,Holding,0.0,0.0,1937.0615239999988
170,2020-09-03,11861.900391,11894.400391,11361.360352,11458.099609,0,sell,397.83984300000157,3.617251862603168,2334.9013670000004
171,2020-09-04,11396.240234,11531.179688,10875.870117,11313.129883,0,No action,0.0,0.0,2334.9013670000004
172,2020-09-08,10900.700195,11131.5,10837.200195,10847.69043,1,Buy,0.0,0.0,2334.9013670000004
173,2020-09-09,11064.759766,11217.69043,10970.450195,11141.55957,1,Holding,0.0,0.0,2334.9013670000004
174,2020-09-10,11235.530273,11299.530273,10875.019531,10919.589844,0,Holding,0.0,0.0,2334.9013670000004
175,2020-09-11,11010.070313,11033.040039,10728.030273,10853.549805,1,Holding,0.0,0.0,2334.9013670000004
176,2020-09-14,11010.139648,11118.290039,10982.259766,11056.650391,0,Holding,0.0,0.0,2334.9013670000004
177,2020-09-15,11193.959961,11244.459961,11127.980469,11190.320313,1,Holding,0.0,0.0,2334.9013670000004
178,2020-09-16,11222.080078,11245.419922,11046.429688,11050.469727,1,Holding,0.0,0.0,2334.9013670000004
179,2020-09-17,10796.049805,10974.450195,10783.80957,10910.280273,0,Holding,0.0,0.0,2334.9013670000004
180,2020-09-18,10973.450195,10977.679688,10639.950195,10793.280273,1,Holding,0.0,0.0,2334.9013670000004
181,2020-09-21,10610.139648,10782.740234,10519.490234,10778.799805,1,Holding,0.0,0.0,2334.9013670000004
182,2020-09-22,10873.299805,10979.650391,10737.519531,10963.639648,1,Holding,0.0,0.0,2334.9013670000004
183,2020-09-23,10950.820313,10962.030273,10612.910156,10632.990234,1,Holding,0.0,0.0,2334.9013670000004
184,2020-09-24,10551.019531,10799.549805,10520.219727,10672.269531,0,Holding,0.0,0.0,2334.9013670000004
185,2020-09-25,10680.459961,10939.549805,10639.980469,10913.55957,1,Holding,0.0,0.0,2334.9013670000004
186,2020-09-28,11084.379883,11120.790039,11019.139648,11117.530273,1,Holding,0.0,0.0,2334.9013670000004
187,2020-09-29,11109.0,11153.230469,11065.629883,11085.25,1,Holding,0.0,0.0,2334.9013670000004
188,2020-09-30,11092.900391,11277.959961,11092.900391,11167.509766,1,Holding,0.0,0.0,2334.9013670000004
189,2020-10-01,11291.990234,11344.129883,11240.530273,11326.509766,1,Holding,0.0,0.0,2334.9013670000004
190,2020-10-02,11082.530273,11244.870117,11033.69043,11075.019531,0,Holding,0.0,0.0,2334.9013670000004
191,2020-10-05,11169.110352,11335.209961,11162.519531,11332.490234,1,Holding,0.0,0.0,2334.9013670000004
192,2020-10-06,11314.530273,11392.410156,11124.450195,11154.599609,1,Holding,0.0,0.0,2334.9013670000004
193,2020-10-07,11271.679688,11380.55957,11258.349609,11364.599609,1,Holding,0.0,0.0,2334.9013670000004
194,2020-10-08,11443.349609,11448.230469,11384.330078,11420.980469,0,Holding,0.0,0.0,2334.9013670000004
195,2020-10-09,11487.599609,11581.230469,11476.660156,11579.94043,1,Holding,0.0,0.0,2334.9013670000004
196,2020-10-12,11732.330078,11965.540039,11704.129883,11876.259766,0,Holding,0.0,0.0,2334.9013670000004
197,2020-10-13,11901.759766,11946.980469,11821.830078,11863.900391,1,Holding,0.0,0.0,2334.9013670000004
198,2020-10-14,11889.070313,11939.919922,11714.349609,11768.730469,0,Holding,0.0,0.0,2334.9013670000004
199,2020-10-15,11559.879883,11740.679688,11559.099609,11713.870117,1,Holding,0.0,0.0,2334.9013670000004
200,2020-10-16,11761.830078,11827.419922,11648.530273,11671.55957,1,Holding,0.0,0.0,2334.9013670000004
201,2020-10-19,11732.339844,11778.110352,11454.570313,11478.879883,1,Holding,0.0,0.0,2334.9013670000004
202,2020-10-20,11531.830078,11632.889648,11471.230469,11516.490234,1,Holding,0.0,0.0,2334.9013670000004
203,2020-10-21,11530.389648,11613.790039,11476.080078,11484.69043,0,Holding,0.0,0.0,2334.9013670000004
204,2020-10-22,11526.969727,11548.769531,11369.290039,11506.009766,1,Holding,0.0,0.0,2334.9013670000004
205,2020-10-23,11536.009766,11548.849609,11434.860352,11548.280273,0,Holding,0.0,0.0,2334.9013670000004
206,2020-10-26,11440.639648,11545.629883,11221.05957,11358.94043,1,Holding,0.0,0.0,2334.9013670000004
207,2020-10-27,11409.339844,11465.05957,11361.860352,11431.349609,0,Holding,0.0,0.0,2334.9013670000004
208,2020-10-28,11230.900391,11249.950195,10999.070313,11004.870117,0,sell,216.77929699999913,1.9983912557135826,2551.6806639999995
209,2020-10-29,11064.469727,11287.629883,11030.19043,11185.589844,1,Buy,0.0,0.0,2551.6806639999995
210,2020-10-30,11103.469727,11129.80957,10822.570313,10911.589844,1,Holding,0.0,0.0,2551.6806639999995
211,2020-11-02,11010.450195,11071.080078,10830.950195,10957.610352,0,Holding,0.0,0.0,2551.6806639999995
212,2020-11-03,11038.660156,11213.919922,11004.839844,11160.570313,1,Holding,0.0,0.0,2551.6806639999995
213,2020-11-04,11443.769531,11663.30957,11394.209961,11590.780273,1,Holding,0.0,0.0,2551.6806639999995
214,2020-11-05,11816.330078,11924.280273,11784.150391,11890.929688,1,Holding,0.0,0.0,2551.6806639999995
215,2020-11-06,11869.900391,11920.540039,11737.129883,11895.230469,1,Holding,0.0,0.0,2551.6806639999995
216,2020-11-09,12046.660156,12108.070313,11703.490234,11713.780273,1,Holding,0.0,0.0,2551.6806639999995
217,2020-11-10,11622.44043,11665.870117,11424.610352,11553.860352,1,Holding,0.0,0.0,2551.6806639999995
218,2020-11-11,11656.650391,11793.570313,11638.900391,11786.429688,1,Holding,0.0,0.0,2551.6806639999995
219,2020-11-12,11802.5,11847.839844,11666.370117,11709.589844,1,Holding,0.0,0.0,2551.6806639999995
220,2020-11-13,11794.94043,11849.790039,11715.519531,11829.290039,0,Holding,0.0,0.0,2551.6806639999995
221,2020-11-16,11847.110352,11937.719727,11814.889648,11924.129883,0,sell,727.7597650000007,6.506226092228603,3279.440429
222,2020-11-17,11913.349609,11950.179688,11852.410156,11899.339844,1,Buy,0.0,0.0,3279.440429
223,2020-11-18,11896.05957,11942.490234,11799.959961,11801.599609,0,Holding,0.0,0.0,3279.440429
224,2020-11-19,11779.040039,11912.629883,11760.980469,11904.709961,0,sell,-6.639649000000645,-0.05579846518417199,3272.8007799999996
225,2020-11-20,11892.700195,11935.469727,11852.509766,11854.969727,1,Buy,0.0,0.0,3272.8007799999996
226,2020-11-23,11916.759766,11949.330078,11796.530273,11880.629883,1,Holding,0.0,0.0,3272.8007799999996
227,2020-11-24,11939.330078,12049.879883,11863.450195,12036.790039,1,Holding,0.0,0.0,3272.8007799999996
228,2020-11-25,12053.889648,12114.769531,12020.950195,12094.400391,1,Holding,0.0,0.0,3272.8007799999996
229,2020-11-27,12159.179688,12236.230469,12154.570313,12205.849609,1,Holding,0.0,0.0,3272.8007799999996
230,2020-11-30,12224.25,12244.650391,12027.160156,12198.740234,1,Holding,0.0,0.0,3272.8007799999996
231,2020-12-01,12313.360352,12405.790039,12263.929688,12355.110352,1,Holding,0.0,0.0,3272.8007799999996
232,2020-12-02,12285.75,12360.05957,12217.349609,12349.370117,1,Holding,0.0,0.0,3272.8007799999996
233,2020-12-03,12369.259766,12439.019531,12356.990234,12377.179688,1,Holding,0.0,0.0,3272.8007799999996
234,2020-12-04,12399.320313,12464.230469,12376.44043,12464.230469,1,Holding,0.0,0.0,3272.8007799999996
235,2020-12-07,12461.0,12536.230469,12460.549805,12519.950195,1,Holding,0.0,0.0,3272.8007799999996
236,2020-12-08,12503.169922,12594.540039,12453.209961,12582.769531,0,Holding,0.0,0.0,3272.8007799999996
237,2020-12-09,12591.69043,12607.139648,12290.780273,12338.950195,1,Holding,0.0,0.0,3272.8007799999996
238,2020-12-10,12247.549805,12431.55957,12214.740234,12405.80957,1,Holding,0.0,0.0,3272.8007799999996
239,2020-12-11,12336.790039,12383.5,12246.769531,12377.870117,1,Holding,0.0,0.0,3272.8007799999996
240,2020-12-14,12447.44043,12543.0,12432.709961,12440.040039,1,Holding,0.0,0.0,3272.8007799999996
241,2020-12-15,12543.259766,12596.129883,12465.419922,12595.05957,0,Holding,0.0,0.0,3272.8007799999996
242,2020-12-16,12611.040039,12687.320313,12566.379883,12658.19043,1,Holding,0.0,0.0,3272.8007799999996
243,2020-12-17,12730.780273,12765.25,12696.349609,12764.75,0,Holding,0.0,0.0,3272.8007799999996
244,2020-12-18,12804.929688,12809.599609,12654.599609,12755.639648,1,Holding,0.0,0.0,3272.8007799999996
245,2020-12-21,12596.139648,12751.269531,12525.219727,12742.519531,1,Holding,0.0,0.0,3272.8007799999996
246,2020-12-22,12785.219727,12840.570313,12695.30957,12807.919922,0,Holding,0.0,0.0,3272.8007799999996
247,2020-12-23,12834.94043,12841.919922,12758.669922,12771.110352,0,sell,936.5703119999998,7.900233687370258,4209.371091999999
248,2020-12-24,12791.540039,12833.549805,12767.639648,12804.730469,1,Buy,0.0,0.0,4209.371091999999
249,2020-12-28,12914.639648,12930.889648,12827.450195,12899.419922,0,Holding,0.0,0.0,4209.371091999999
250,2020-12-29,12965.389648,12973.330078,12821.959961,12850.219727,0,sell,101.77929699999913,0.7948570041861077,4311.1503889999985
251,2020-12-30,12906.509766,12924.929688,12857.759766,12870.0,0,No action,0.0,0.0,4311.1503889999985
252,2020-12-31,12877.089844,12902.070313,12821.230469,12888.280273,1,Buy,0.0,0.0,4311.1503889999985
253,2021-01-04,12958.519531,12958.719727,12543.240234,12698.450195,0,Holding,0.0,0.0,4311.1503889999985
254,2021-01-05,12665.650391,12828.269531,12665.650391,12818.959961,0,sell,-222.1298820000011,-1.7235028824237073,4089.0205069999975
255,2021-01-06,12666.150391,12909.629883,12649.990234,12740.790039,0,No action,0.0,0.0,4089.0205069999975
256,2021-01-07,12867.339844,13090.910156,12867.339844,13067.480469,0,No action,0.0,0.0,4089.0205069999975
257,2021-01-08,13160.219727,13208.089844,13036.549805,13201.980469,1,Buy,0.0,0.0,4089.0205069999975
258,2021-01-11,13048.780273,13138.269531,12999.509766,13036.429688,1,Holding,0.0,0.0,4089.0205069999975
259,2021-01-12,13062.05957,13105.040039,12963.919922,13072.429688,1,Holding,0.0,0.0,4089.0205069999975
260,2021-01-13,13088.009766,13171.150391,13051.05957,13128.950195,1,Holding,0.0,0.0,4089.0205069999975
261,2021-01-14,13174.75,13220.160156,13098.410156,13112.639648,1,Holding,0.0,0.0,4089.0205069999975
262,2021-01-15,13099.900391,13139.830078,12949.759766,12998.5,1,Holding,0.0,0.0,4089.0205069999975
263,2021-01-19,13132.730469,13206.860352,13078.700195,13197.179688,1,Holding,0.0,0.0,4089.0205069999975
264,2021-01-20,13342.549805,13486.129883,13329.769531,13457.25,0,Holding,0.0,0.0,4089.0205069999975
265,2021-01-21,13521.480469,13560.349609,13454.070313,13530.910156,1,Holding,0.0,0.0,4089.0205069999975
266,2021-01-22,13474.80957,13567.139648,13463.660156,13543.05957,1,Holding,0.0,0.0,4089.0205069999975
267,2021-01-25,13681.209961,13728.980469,13368.679688,13635.990234,1,Holding,0.0,0.0,4089.0205069999975
268,2021-01-26,13681.719727,13702.69043,13603.19043,13626.05957,0,Holding,0.0,0.0,4089.0205069999975
269,2021-01-27,13486.580078,13538.419922,13192.910156,13270.599609,1,Holding,0.0,0.0,4089.0205069999975
270,2021-01-28,13323.290039,13507.639648,13316.519531,13337.160156,0,Holding,0.0,0.0,4089.0205069999975
271,2021-01-29,13284.719727,13322.0,12985.049805,13070.69043,0,sell,24.199219000000085,0.18329991516669075,4113.2197259999975
272,2021-02-01,13226.179688,13431.459961,13132.469727,13403.389648,1,Buy,0.0,0.0,4113.2197259999975
273,2021-02-02,13543.099609,13652.700195,13535.860352,13612.780273,1,Holding,0.0,0.0,4113.2197259999975
274,2021-02-03,13718.30957,13723.830078,13585.339844,13610.540039,1,Holding,0.0,0.0,4113.2197259999975
275,2021-02-04,13674.05957,13778.419922,13631.620117,13777.740234,0,Holding,0.0,0.0,4113.2197259999975
276,2021-02-05,13824.879883,13878.160156,13761.660156,13856.299805,0,sell,533.6699219999991,3.9816041763706482,4646.889647999997
277,2021-02-08,13937.05957,13987.740234,13894.150391,13987.639648,1,Buy,0.0,0.0,4646.889647999997
278,2021-02-09,13966.820313,14044.950195,13966.549805,14007.700195,1,Holding,0.0,0.0,4646.889647999997
279,2021-02-10,14093.349609,14109.120117,13845.469727,13972.530273,1,Holding,0.0,0.0,4646.889647999997
280,2021-02-11,14045.209961,14058.910156,13916.849609,14025.769531,1,Holding,0.0,0.0,4646.889647999997
281,2021-02-12,13979.209961,14102.040039,13937.709961,14095.469727,0,Holding,0.0,0.0,4646.889647999997
282,2021-02-16,14152.209961,14175.120117,13995.450195,14047.5,1,Holding,0.0,0.0,4646.889647999997
283,2021-02-17,13911.650391,13976.429688,13804.259766,13965.490234,0,Holding,0.0,0.0,4646.889647999997
284,2021-02-18,13814.669922,13905.959961,13714.349609,13865.360352,1,Holding,0.0,0.0,4646.889647999997
285,2021-02-19,13929.200195,13985.580078,13842.599609,13874.459961,1,Holding,0.0,0.0,4646.889647999997
286,2021-02-22,13714.200195,13757.05957,13530.959961,13533.049805,1,Holding,0.0,0.0,4646.889647999997
287,2021-02-23,13262.610352,13526.089844,13003.980469,13465.200195,0,Holding,0.0,0.0,4646.889647999997
288,2021-02-24,13400.25,13607.360352,13286.589844,13597.969727,1,Holding,0.0,0.0,4646.889647999997
289,2021-02-25,13512.639648,13602.860352,13066.379883,13119.429688,1,Holding,0.0,0.0,4646.889647999997
290,2021-02-26,13232.900391,13368.05957,13024.530273,13192.349609,1,Holding,0.0,0.0,4646.889647999997
291,2021-03-01,13406.160156,13596.589844,13362.660156,13588.830078,1,Holding,0.0,0.0,4646.889647999997
292,2021-03-02,13599.450195,13601.330078,13352.0,13358.790039,1,Holding,0.0,0.0,4646.889647999997
293,2021-03-03,13336.25,13372.519531,12995.070313,12997.75,1,Holding,0.0,0.0,4646.889647999997
294,2021-03-04,12953.990234,13068.709961,12553.959961,12723.469727,1,Holding,0.0,0.0,4646.889647999997
295,2021-03-05,12860.040039,12941.209961,12397.049805,12920.150391,0,Holding,0.0,0.0,4646.889647999997
296,2021-03-08,12904.259766,13001.0,12599.230469,12609.160156,1,Holding,0.0,0.0,4646.889647999997
297,2021-03-09,12923.070313,13151.540039,12882.490234,13073.820313,0,Holding,0.0,0.0,4646.889647999997
298,2021-03-10,13234.730469,13277.110352,13035.44043,13068.830078,1,Holding,0.0,0.0,4646.889647999997
299,2021-03-11,13273.30957,13433.620117,13246.330078,13398.669922,1,Holding,0.0,0.0,4646.889647999997
300,2021-03-12,13222.80957,13324.69043,13158.719727,13319.860352,1,Holding,0.0,0.0,4646.889647999997
301,2021-03-15,13323.469727,13460.349609,13272.5,13459.709961,0,Holding,0.0,0.0,4646.889647999997
302,2021-03-16,13523.169922,13620.709961,13397.080078,13471.570313,1,Holding,0.0,0.0,4646.889647999997
303,2021-03-17,13336.910156,13595.0,13272.69043,13525.200195,1,Holding,0.0,0.0,4646.889647999997
304,2021-03-18,13349.200195,13384.459961,13101.919922,13116.169922,0,Holding,0.0,0.0,4646.889647999997
305,2021-03-19,13119.900391,13252.370117,13039.450195,13215.240234,1,Holding,0.0,0.0,4646.889647999997
306,2021-03-22,13278.780273,13455.639648,13278.780273,13377.540039,1,Holding,0.0,0.0,4646.889647999997
307,2021-03-23,13381.429688,13405.150391,13202.429688,13227.700195,1,Holding,0.0,0.0,4646.889647999997
308,2021-03-24,13289.240234,13292.919922,12961.349609,12961.889648,0,Holding,0.0,0.0,4646.889647999997
309,2021-03-25,12844.580078,13021.860352,12786.80957,12977.679688,1,Holding,0.0,0.0,4646.889647999997
310,2021-03-26,12996.030273,13149.549805,12878.719727,13138.730469,1,Holding,0.0,0.0,4646.889647999997
311,2021-03-29,13103.969727,13143.410156,12968.160156,13059.650391,1,Holding,0.0,0.0,4646.889647999997
312,2021-03-30,13008.799805,13075.75,12922.570313,13045.389648,1,Holding,0.0,0.0,4646.889647999997
313,2021-03-31,13122.570313,13325.540039,13118.379883,13246.870117,1,Holding,0.0,0.0,4646.889647999997
314,2021-04-01,13414.320313,13487.080078,13404.179688,13480.110352,0,Holding,0.0,0.0,4646.889647999997
315,2021-04-05,13594.900391,13720.580078,13582.759766,13705.589844,1,Holding,0.0,0.0,4646.889647999997
316,2021-04-06,13681.669922,13776.709961,13674.280273,13698.379883,1,Holding,0.0,0.0,4646.889647999997
317,2021-04-07,13675.299805,13733.030273,13653.589844,13688.839844,1,Holding,0.0,0.0,4646.889647999997
318,2021-04-08,13796.889648,13830.139648,13758.709961,13829.30957,0,Holding,0.0,0.0,4646.889647999997
319,2021-04-09,13787.019531,13905.410156,13748.349609,13900.19043,1,Holding,0.0,0.0,4646.889647999997
320,2021-04-12,13854.44043,13877.0,13783.950195,13850.0,0,Holding,0.0,0.0,4646.889647999997
321,2021-04-13,13902.450195,14011.509766,13902.450195,13996.099609,1,Holding,0.0,0.0,4646.889647999997
322,2021-04-14,14004.080078,14033.629883,13839.040039,13857.839844,1,Holding,0.0,0.0,4646.889647999997
323,2021-04-15,13983.230469,14049.129883,13970.419922,14038.759766,0,Holding,0.0,0.0,4646.889647999997
324,2021-04-16,14059.110352,14062.5,13977.049805,14052.339844,1,Holding,0.0,0.0,4646.889647999997
325,2021-04-19,13984.580078,14041.790039,13842.570313,13914.769531,1,Holding,0.0,0.0,4646.889647999997
326,2021-04-20,13894.459961,13927.669922,13698.669922,13786.269531,1,Holding,0.0,0.0,4646.889647999997
327,2021-04-21,13745.769531,13951.349609,13706.860352,13950.219727,1,Holding,0.0,0.0,4646.889647999997
328,2021-04-22,13952.570313,14015.870117,13771.040039,13818.410156,1,Holding,0.0,0.0,4646.889647999997
329,2021-04-23,13861.370117,14062.740234,13856.830078,14016.80957,1,Holding,0.0,0.0,4646.889647999997
330,2021-04-26,14052.379883,14154.030273,14019.5,14138.780273,1,Holding,0.0,0.0,4646.889647999997
331,2021-04-27,14170.910156,14171.240234,14064.280273,14090.219727,1,Holding,0.0,0.0,4646.889647999997
332,2021-04-28,14082.780273,14133.650391,14034.700195,14051.030273,1,Holding,0.0,0.0,4646.889647999997
333,2021-04-29,14204.509766,14211.570313,13952.799805,14082.549805,1,Holding,0.0,0.0,4646.889647999997
334,2021-04-30,13970.730469,14084.759766,13941.629883,13962.679688,1,Holding,0.0,0.0,4646.889647999997
335,2021-05-03,14031.769531,14042.120117,13881.509766,13895.120117,1,Holding,0.0,0.0,4646.889647999997
336,2021-05-04,13774.509766,13795.570313,13485.589844,13633.5,1,Holding,0.0,0.0,4646.889647999997
337,2021-05-05,13731.129883,13753.049805,13553.929688,13582.419922,1,Holding,0.0,0.0,4646.889647999997
338,2021-05-06,13557.830078,13635.730469,13439.389648,13632.839844,0,Holding,0.0,0.0,4646.889647999997
339,2021-05-07,13723.089844,13828.620117,13690.75,13752.240234,0,sell,-300.0498040000002,-2.145106762475843,4346.839843999996
340,2021-05-10,13687.589844,13687.929688,13401.740234,13401.860352,1,Buy,0.0,0.0,4346.839843999996
341,2021-05-11,13115.849609,13423.30957,13107.669922,13389.429688,1,Holding,0.0,0.0,4346.839843999996
342,2021-05-12,13215.490234,13288.610352,13002.540039,13031.679688,1,Holding,0.0,0.0,4346.839843999996
343,2021-05-13,13150.94043,13247.870117,13007.240234,13124.990234,1,Holding,0.0,0.0,4346.839843999996
344,2021-05-14,13255.650391,13460.879883,13242.969727,13429.980469,0,Holding,0.0,0.0,4346.839843999996
345,2021-05-17,13368.799805,13399.169922,13265.400391,13379.049805,1,Holding,0.0,0.0,4346.839843999996
346,2021-05-18,13416.900391,13485.339844,13299.929688,13303.639648,1,Holding,0.0,0.0,4346.839843999996
347,2021-05-19,13078.19043,13304.610352,13072.230469,13299.740234,1,Holding,0.0,0.0,4346.839843999996
348,2021-05-20,13356.629883,13563.519531,13355.709961,13535.740234,1,Holding,0.0,0.0,4346.839843999996
349,2021-05-21,13616.19043,13616.580078,13463.259766,13470.990234,1,Holding,0.0,0.0,4346.839843999996
350,2021-05-24,13557.209961,13708.849609,13551.009766,13661.169922,0,Holding,0.0,0.0,4346.839843999996
351,2021-05-25,13721.540039,13751.139648,13631.799805,13657.169922,1,Holding,0.0,0.0,4346.839843999996
352,2021-05-26,13693.94043,13750.160156,13679.589844,13738.0,1,Holding,0.0,0.0,4346.839843999996
353,2021-05-27,13742.589844,13776.519531,13701.629883,13736.280273,0,Holding,0.0,0.0,4346.839843999996
354,2021-05-28,13792.049805,13820.870117,13747.610352,13748.740234,0,sell,427.19921799999975,3.1876113224553007,4774.039061999996
355,2021-06-01,13829.05957,13836.169922,13678.769531,13736.480469,0,No action,0.0,0.0,4774.039061999996
356,2021-06-02,13743.240234,13775.889648,13689.740234,13756.330078,0,No action,0.0,0.0,4774.039061999996
357,2021-06-03,13655.75,13684.129883,13548.929688,13614.509766,1,Buy,0.0,0.0,4774.039061999996
358,2021-06-04,13697.25,13826.820313,13692.009766,13814.490234,1,Holding,0.0,0.0,4774.039061999996
359,2021-06-07,13802.820313,13889.110352,13784.889648,13881.719727,1,Holding,0.0,0.0,4774.039061999996
360,2021-06-08,13946.320313,13981.719727,13831.980469,13924.910156,1,Holding,0.0,0.0,4774.039061999996
361,2021-06-09,13980.230469,14003.5,13906.450195,13911.75,1,Holding,0.0,0.0,4774.039061999996
362,2021-06-10,13933.879883,14031.19043,13904.400391,14020.330078,1,Holding,0.0,0.0,4774.039061999996
363,2021-06-11,14030.849609,14069.419922,14006.589844,14069.419922,1,Holding,0.0,0.0,4774.039061999996
364,2021-06-14,14083.469727,14175.450195,14056.669922,14174.139648,1,Holding,0.0,0.0,4774.039061999996
365,2021-06-15,14166.639648,14171.019531,14052.160156,14072.860352,1,Holding,0.0,0.0,4774.039061999996
366,2021-06-16,14085.549805,14129.69043,13903.730469,14039.679688,1,Holding,0.0,0.0,4774.039061999996
367,2021-06-17,13999.129883,14196.209961,13998.929688,14161.349609,0,Holding,0.0,0.0,4774.039061999996
368,2021-06-18,14096.929688,14129.219727,14009.040039,14030.379883,1,Holding,0.0,0.0,4774.039061999996
369,2021-06-21,14047.419922,14150.780273,13960.040039,14141.480469,1,Holding,0.0,0.0,4774.039061999996
370,2021-06-22,14138.290039,14269.769531,14121.0,14253.269531,1,Holding,0.0,0.0,4774.039061999996
371,2021-06-23,14263.379883,14317.660156,14246.299805,14271.730469,1,Holding,0.0,0.0,4774.039061999996
372,2021-06-24,14357.269531,14414.459961,14333.700195,14369.709961,1,Holding,0.0,0.0,4774.039061999996
373,2021-06-25,14400.80957,14409.080078,14337.650391,14360.389648,1,Holding,0.0,0.0,4774.039061999996
374,2021-06-28,14417.80957,14505.19043,14417.200195,14500.509766,1,Holding,0.0,0.0,4774.039061999996
375,2021-06-29,14509.19043,14535.969727,14471.379883,14528.330078,1,Holding,0.0,0.0,4774.039061999996
376,2021-06-30,14509.849609,14526.80957,14478.05957,14503.950195,1,Holding,0.0,0.0,4774.039061999996
377,2021-07-01,14493.69043,14533.549805,14439.400391,14522.379883,1,Holding,0.0,0.0,4774.039061999996
378,2021-07-02,14582.980469,14649.110352,14555.339844,14639.330078,1,Holding,0.0,0.0,4774.039061999996
379,2021-07-06,14661.549805,14687.0,14529.799805,14663.639648,1,Holding,0.0,0.0,4774.039061999996
380,2021-07-07,14753.410156,14755.330078,14580.790039,14665.05957,1,Holding,0.0,0.0,4774.039061999996
381,2021-07-08,14409.200195,14610.05957,14371.589844,14559.780273,1,Holding,0.0,0.0,4774.039061999996
382,2021-07-09,14578.429688,14710.200195,14552.259766,14701.919922,1,Holding,0.0,0.0,4774.039061999996
383,2021-07-12,14743.860352,14761.080078,14672.629883,14733.240234,1,Holding,0.0,0.0,4774.039061999996
384,2021-07-13,14715.129883,14803.679688,14660.19043,14677.650391,1,Holding,0.0,0.0,4774.039061999996
385,2021-07-14,14780.900391,14790.549805,14632.950195,14644.950195,1,Holding,0.0,0.0,4774.039061999996
386,2021-07-15,14635.780273,14650.370117,14451.799805,14543.129883,1,Holding,0.0,0.0,4774.039061999996
387,2021-07-16,14597.509766,14623.019531,14413.320313,14427.240234,1,Holding,0.0,0.0,4774.039061999996
388,2021-07-19,14235.980469,14313.599609,14178.660156,14274.980469,1,Holding,0.0,0.0,4774.039061999996
389,2021-07-20,14330.459961,14555.75,14271.230469,14498.879883,1,Holding,0.0,0.0,4774.039061999996
390,2021-07-21,14508.75,14633.139648,14498.650391,14631.950195,1,Holding,0.0,0.0,4774.039061999996
391,2021-07-22,14652.719727,14694.19043,14617.870117,14684.599609,1,Holding,0.0,0.0,4774.039061999996
392,2021-07-23,14753.05957,14846.05957,14698.769531,14836.990234,1,Holding,0.0,0.0,4774.039061999996
393,2021-07-26,14821.030273,14863.650391,14790.490234,14840.709961,1,Holding,0.0,0.0,4774.039061999996
394,2021-07-27,14807.950195,14811.080078,14503.759766,14660.580078,1,Holding,0.0,0.0,4774.039061999996
395,2021-07-28,14715.660156,14798.879883,14645.629883,14762.580078,0,Holding,0.0,0.0,4774.039061999996
396,2021-07-29,14771.169922,14833.740234,14761.379883,14778.259766,1,Holding,0.0,0.0,4774.039061999996
397,2021-07-30,14615.849609,14728.780273,14615.849609,14672.679688,1,Holding,0.0,0.0,4774.039061999996
398,2021-08-02,14758.599609,14770.410156,14665.669922,14681.070313,1,Holding,0.0,0.0,4774.039061999996
399,2021-08-03,14713.990234,14762.599609,14584.089844,14761.290039,1,Holding,0.0,0.0,4774.039061999996
400,2021-08-04,14747.209961,14812.370117,14734.120117,14780.530273,1,Holding,0.0,0.0,4774.039061999996
401,2021-08-05,14794.080078,14896.469727,14776.030273,14895.120117,0,Holding,0.0,0.0,4774.039061999996
402,2021-08-06,14864.219727,14890.179688,14788.589844,14835.759766,1,Holding,0.0,0.0,4774.039061999996
403,2021-08-09,14855.759766,14883.80957,14802.69043,14860.179688,0,Holding,0.0,0.0,4774.039061999996
404,2021-08-10,14887.75,14894.610352,14754.480469,14788.089844,1,Holding,0.0,0.0,4774.039061999996
405,2021-08-11,14834.379883,14842.5,14692.410156,14765.139648,1,Holding,0.0,0.0,4774.039061999996
406,2021-08-12,14751.360352,14824.30957,14698.94043,14816.259766,1,Holding,0.0,0.0,4774.039061999996
407,2021-08-13,14825.070313,14850.610352,14797.219727,14822.900391,1,Holding,0.0,0.0,4774.039061999996
408,2021-08-16,14771.530273,14794.679688,14610.019531,14793.759766,0,Holding,0.0,0.0,4774.039061999996
409,2021-08-17,14670.55957,14716.950195,14550.879883,14656.179688,1,Holding,0.0,0.0,4774.039061999996
410,2021-08-18,14636.240234,14697.25,14516.299805,14525.910156,1,Holding,0.0,0.0,4774.039061999996
411,2021-08-19,14423.160156,14610.759766,14423.160156,14541.790039,1,Holding,0.0,0.0,4774.039061999996
412,2021-08-20,14571.530273,14722.160156,14571.530273,14714.660156,1,Holding,0.0,0.0,4774.039061999996
413,2021-08-23,14776.980469,14963.469727,14776.980469,14942.650391,0,Holding,0.0,0.0,4774.039061999996
414,2021-08-24,14978.139648,15034.889648,14965.540039,15019.799805,1,Holding,0.0,0.0,4774.039061999996
415,2021-08-25,15039.030273,15059.429688,15011.580078,15041.860352,1,Holding,0.0,0.0,4774.039061999996
416,2021-08-26,15025.169922,15059.629883,14939.55957,14945.80957,0,Holding,0.0,0.0,4774.039061999996
417,2021-08-27,14969.769531,15144.480469,14966.519531,15129.5,1,Holding,0.0,0.0,4774.039061999996
418,2021-08-30,15165.94043,15288.080078,15165.120117,15265.889648,1,Holding,0.0,0.0,4774.039061999996
419,2021-08-31,15262.879883,15278.959961,15202.669922,15259.240234,1,Holding,0.0,0.0,4774.039061999996
420,2021-09-01,15308.980469,15379.5,15302.110352,15309.379883,1,Holding,0.0,0.0,4774.039061999996
421,2021-09-02,15358.469727,15380.070313,15285.349609,15331.179688,1,Holding,0.0,0.0,4774.039061999996
422,2021-09-03,15313.410156,15375.55957,15283.669922,15363.519531,1,Holding,0.0,0.0,4774.039061999996
423,2021-09-07,15375.980469,15403.44043,15343.280273,15374.330078,0,Holding,0.0,0.0,4774.039061999996
424,2021-09-08,15360.349609,15360.349609,15206.610352,15286.639648,0,sell,1681.5498040000002,12.351159409348652,6455.588865999996
425,2021-09-09,15296.05957,15352.379883,15245.169922,15248.25,1,Buy,0.0,0.0,6455.588865999996
426,2021-09-10,15332.919922,15349.469727,15111.30957,15115.490234,1,Holding,0.0,0.0,6455.588865999996
427,2021-09-13,15211.429688,15215.44043,15030.849609,15105.580078,1,Holding,0.0,0.0,6455.588865999996
428,2021-09-14,15168.450195,15181.19043,15008.299805,15037.759766,1,Holding,0.0,0.0,6455.588865999996
429,2021-09-15,15071.339844,15174.379883,14984.679688,15161.530273,0,Holding,0.0,0.0,6455.588865999996
430,2021-09-16,15120.089844,15205.5,15047.139648,15181.919922,0,sell,-84.8896480000003,-0.5567173151017349,6370.699217999996
431,2021-09-17,15163.360352,15166.55957,14998.730469,15043.969727,1,Buy,0.0,0.0,6370.699217999996
432,2021-09-20,14758.139648,14841.820313,14530.070313,14713.900391,1,Holding,0.0,0.0,6370.699217999996
433,2021-09-21,14803.360352,14847.030273,14696.469727,14746.400391,0,Holding,0.0,0.0,6370.699217999996
434,2021-09-22,14800.589844,14950.120117,14767.009766,14896.849609,0,sell,-83.9697269999997,-0.5581620311911154,6286.729490999996
435,2021-09-23,14960.0,15085.44043,14932.509766,15052.240234,1,Buy,0.0,0.0,6286.729490999996
436,2021-09-24,14961.610352,15067.55957,14946.570313,15047.700195,0,Holding,0.0,0.0,6286.729490999996
437,2021-09-27,14954.179688,15003.160156,14864.959961,14969.969727,0,sell,-265.0302730000003,-1.7607364012258448,6021.699217999996
438,2021-09-28,14787.209961,14817.740234,14539.879883,14546.679688,1,Buy,0.0,0.0,6021.699217999996
439,2021-09-29,14614.879883,14676.620117,14493.669922,14512.44043,1,Holding,0.0,0.0,6021.699217999996
440,2021-09-30,14582.599609,14632.360352,14444.299805,14448.580078,1,Holding,0.0,0.0,6021.699217999996
441,2021-10-01,14494.929688,14606.820313,14324.009766,14566.700195,1,Holding,0.0,0.0,6021.699217999996
442,2021-10-04,14493.120117,14499.740234,14181.69043,14255.480469,1,Holding,0.0,0.0,6021.699217999996
443,2021-10-05,14312.860352,14508.650391,14299.780273,14433.830078,1,Holding,0.0,0.0,6021.699217999996
444,2021-10-06,14289.450195,14509.549805,14259.070313,14501.910156,1,Holding,0.0,0.0,6021.699217999996
445,2021-10-07,14631.799805,14755.719727,14615.139648,14654.019531,1,Holding,0.0,0.0,6021.699217999996
446,2021-10-08,14694.719727,14699.910156,14569.679688,14579.540039,1,Holding,0.0,0.0,6021.699217999996
447,2021-10-11,14540.080078,14665.990234,14482.620117,14486.200195,1,Holding,0.0,0.0,6021.699217999996
448,2021-10-12,14539.089844,14552.709961,14441.599609,14465.919922,1,Holding,0.0,0.0,6021.699217999996
449,2021-10-13,14537.169922,14589.280273,14471.879883,14571.639648,1,Holding,0.0,0.0,6021.699217999996
450,2021-10-14,14717.5,14827.55957,14699.519531,14823.429688,1,Holding,0.0,0.0,6021.699217999996
451,2021-10-15,14891.240234,14904.980469,14847.959961,14897.339844,1,Holding,0.0,0.0,6021.699217999996
452,2021-10-18,14839.740234,15026.679688,14833.280273,15021.80957,1,Holding,0.0,0.0,6021.699217999996
453,2021-10-19,15073.129883,15137.849609,15049.730469,15129.089844,1,Holding,0.0,0.0,6021.699217999996
454,2021-10-20,15160.0,15178.389648,15071.150391,15121.679688,1,Holding,0.0,0.0,6021.699217999996
455,2021-10-21,15104.799805,15222.25,15094.139648,15215.700195,1,Holding,0.0,0.0,6021.699217999996
456,2021-10-22,15158.070313,15193.009766,15021.019531,15090.200195,1,Holding,0.0,0.0,6021.699217999996
457,2021-10-25,15142.919922,15259.629883,15070.75,15226.709961,0,Holding,0.0,0.0,6021.699217999996
458,2021-10-26,15317.5,15384.0,15198.230469,15235.709961,1,Holding,0.0,0.0,6021.699217999996
459,2021-10-27,15276.0,15364.540039,15235.839844,15235.839844,1,Holding,0.0,0.0,6021.699217999996
460,2021-10-28,15304.740234,15452.299805,15290.30957,15448.120117,1,Holding,0.0,0.0,6021.699217999996
461,2021-10-29,15323.290039,15504.120117,15323.290039,15498.389648,1,Holding,0.0,0.0,6021.699217999996
462,2021-11-01,15541.259766,15598.950195,15470.820313,15595.919922,1,Holding,0.0,0.0,6021.699217999996
463,2021-11-02,15583.980469,15656.599609,15569.269531,15649.599609,1,Holding,0.0,0.0,6021.699217999996
464,2021-11-03,15658.519531,15821.570313,15616.44043,15811.580078,0,Holding,0.0,0.0,6021.699217999996
465,2021-11-04,15849.740234,15966.089844,15827.660156,15940.30957,1,Holding,0.0,0.0,6021.699217999996
466,2021-11-05,16003.55957,16053.389648,15900.780273,15971.589844,1,Holding,0.0,0.0,6021.699217999996
467,2021-11-08,15995.719727,16038.230469,15961.80957,15982.360352,1,Holding,0.0,0.0,6021.699217999996
468,2021-11-09,16024.129883,16035.209961,15836.679688,15886.540039,1,Holding,0.0,0.0,6021.699217999996
469,2021-11-10,15753.839844,15867.240234,15543.679688,15622.709961,1,Holding,0.0,0.0,6021.699217999996
470,2021-11-11,15752.080078,15768.030273,15695.769531,15704.280273,1,Holding,0.0,0.0,6021.699217999996
471,2021-11-12,15752.620117,15874.570313,15705.379883,15860.959961,1,Holding,0.0,0.0,6021.699217999996
472,2021-11-15,15894.820313,15918.450195,15778.30957,15853.849609,0,Holding,0.0,0.0,6021.699217999996
473,2021-11-16,15840.320313,15989.610352,15825.0,15973.860352,1,Holding,0.0,0.0,6021.699217999996
474,2021-11-17,15973.620117,15998.570313,15909.389648,15921.570313,0,Holding,0.0,0.0,6021.699217999996
475,2021-11-18,15973.389648,16010.879883,15848.830078,15993.709961,0,sell,1495.4804679999997,10.280562300644231,7517.179685999996
476,2021-11-19,16042.160156,16121.120117,16017.230469,16057.44043,1,Buy,0.0,0.0,7517.179685999996
477,2021-11-22,16120.919922,16212.230469,15851.040039,15854.759766,0,Holding,0.0,0.0,7517.179685999996
478,2021-11-23,15809.5,15895.860352,15601.459961,15775.139648,1,Holding,0.0,0.0,7517.179685999996
479,2021-11-24,15677.879883,15848.55957,15591.360352,15845.230469,1,Holding,0.0,0.0,7517.179685999996
480,2021-11-26,15664.379883,15731.540039,15456.089844,15491.660156,1,Holding,0.0,0.0,7517.179685999996
481,2021-11-29,15719.419922,15833.110352,15644.610352,15782.830078,0,Holding,0.0,0.0,7517.179685999996
482,2021-11-30,15716.5,15828.200195,15451.389648,15537.69043,0,sell,-305.17089900000065,-1.9004952895845844,7212.008786999995
483,2021-12-01,15752.269531,15816.820313,15243.929688,15254.049805,0,No action,0.0,0.0,7212.008786999995
484,2021-12-02,15181.820313,15444.540039,15150.120117,15381.320313,1,Buy,0.0,0.0,7212.008786999995
485,2021-12-03,15428.709961,15470.360352,14931.05957,15085.469727,1,Holding,0.0,0.0,7212.008786999995
486,2021-12-06,15117.629883,15281.990234,14931.610352,15225.150391,1,Holding,0.0,0.0,7212.008786999995
487,2021-12-07,15510.910156,15720.089844,15507.660156,15686.919922,1,Holding,0.0,0.0,7212.008786999995
488,2021-12-08,15690.650391,15792.639648,15618.879883,15786.990234,1,Holding,0.0,0.0,7212.008786999995
489,2021-12-09,15720.540039,15796.049805,15511.120117,15517.370117,1,Holding,0.0,0.0,7212.008786999995
490,2021-12-10,15629.589844,15677.599609,15477.849609,15630.599609,0,Holding,0.0,0.0,7212.008786999995
491,2021-12-13,15621.269531,15637.05957,15408.25,15413.280273,0,sell,-165.3603519999997,-1.0750725466671431,7046.6484349999955
492,2021-12-14,15215.959961,15317.549805,15097.349609,15237.639648,1,Buy,0.0,0.0,7046.6484349999955
493,2021-12-15,15230.709961,15575.759766,15055.230469,15565.580078,1,Holding,0.0,0.0,7046.6484349999955
494,2021-12-16,15629.080078,15633.19043,15119.490234,15180.429688,0,Holding,0.0,0.0,7046.6484349999955
495,2021-12-17,15036.769531,15288.780273,14960.370117,15169.679688,0,sell,-304.6396480000003,-1.9992574639995864,6742.008786999995
496,2021-12-20,14933.0,15007.299805,14860.040039,14980.94043,0,No action,0.0,0.0,6742.008786999995
497,2021-12-21,15140.429688,15349.05957,15015.030273,15341.089844,0,No action,0.0,0.0,6742.008786999995
498,2021-12-22,15319.160156,15525.969727,15303.05957,15521.889648,1,Buy,0.0,0.0,6742.008786999995
499,2021-12-23,15544.790039,15697.980469,15528.910156,15653.370117,1,Holding,0.0,0.0,6742.008786999995
500,2021-12-27,15696.830078,15871.400391,15696.830078,15871.259766,1,Holding,0.0,0.0,6742.008786999995
501,2021-12-28,15895.200195,15901.469727,15757.070313,15781.719727,1,Holding,0.0,0.0,6742.008786999995
502,2021-12-29,15794.919922,15821.80957,15679.849609,15766.219727,1,Holding,0.0,0.0,6742.008786999995
503,2021-12-30,15758.980469,15868.089844,15729.160156,15741.55957,0,Holding,0.0,0.0,6742.008786999995
504,2021-12-31,15722.910156,15777.429688,15643.94043,15644.969727,1,Holding,0.0,0.0,6742.008786999995
505,2022-01-03,15732.5,15832.799805,15644.089844,15832.799805,1,Holding,0.0,0.0,6742.008786999995
506,2022-01-04,15852.139648,15852.139648,15512.410156,15622.719727,0,Holding,0.0,0.0,6742.008786999995
507,2022-01-05,15547.160156,15586.299805,15095.179688,15100.169922,1,Holding,0.0,0.0,6742.008786999995
508,2022-01-06,15024.150391,15198.450195,14914.870117,15080.860352,1,Holding,0.0,0.0,6742.008786999995
509,2022-01-07,15095.719727,15171.019531,14877.629883,14935.900391,1,Holding,0.0,0.0,6742.008786999995
510,2022-01-10,14751.780273,14953.849609,14530.230469,14942.830078,1,Holding,0.0,0.0,6742.008786999995
511,2022-01-11,14919.259766,15158.709961,14837.629883,15153.450195,1,Holding,0.0,0.0,6742.008786999995
512,2022-01-12,15263.099609,15319.030273,15117.290039,15188.389648,1,Holding,0.0,0.0,6742.008786999995
513,2022-01-13,15245.040039,15259.709961,14782.240234,14806.80957,1,Holding,0.0,0.0,6742.008786999995
514,2022-01-14,14708.019531,14897.679688,14689.429688,14893.75,1,Holding,0.0,0.0,6742.008786999995
515,2022-01-18,14681.830078,14740.540039,14482.94043,14506.900391,1,Holding,0.0,0.0,6742.008786999995
516,2022-01-19,14582.219727,14658.889648,14331.650391,14340.259766,1,Holding,0.0,0.0,6742.008786999995
517,2022-01-20,14462.849609,14642.030273,14140.780273,14154.019531,1,Holding,0.0,0.0,6742.008786999995
518,2022-01-21,14046.219727,14171.719727,13764.240234,13768.919922,1,Holding,0.0,0.0,6742.008786999995
519,2022-01-24,13481.5,13876.610352,13094.650391,13855.129883,1,Holding,0.0,0.0,6742.008786999995
520,2022-01-25,13610.870117,13781.620117,13414.139648,13539.290039,1,Holding,0.0,0.0,6742.008786999995
521,2022-01-26,13871.769531,14002.650391,13392.19043,13542.120117,0,Holding,0.0,0.0,6742.008786999995
522,2022-01-27,13710.990234,13765.910156,13322.660156,13352.780273,1,Holding,0.0,0.0,6742.008786999995
523,2022-01-28,13436.709961,13771.910156,13236.55957,13770.570313,0,Holding,0.0,0.0,6742.008786999995
524,2022-01-31,13812.19043,14242.900391,13767.709961,14239.879883,1,Holding,0.0,0.0,6742.008786999995
525,2022-02-01,14277.429688,14358.69043,14070.769531,14346.0,0,Holding,0.0,0.0,6742.008786999995
526,2022-02-02,14494.469727,14504.820313,14264.650391,14417.549805,0,sell,-1476.0595699999994,-9.509535265831438,5265.949216999996
527,2022-02-03,14045.830078,14207.889648,13851.740234,13878.820313,1,Buy,0.0,0.0,5265.949216999996
528,2022-02-04,13958.480469,14222.759766,13850.389648,14098.009766,0,Holding,0.0,0.0,5265.949216999996
529,2022-02-07,14118.790039,14236.30957,13974.099609,14015.669922,1,Holding,0.0,0.0,5265.949216999996
530,2022-02-08,13984.429688,14226.480469,13934.780273,14194.450195,0,Holding,0.0,0.0,5265.949216999996
531,2022-02-09,14368.160156,14490.719727,14330.870117,14490.370117,0,sell,349.859375,2.520814933184876,5615.808591999996
532,2022-02-10,14228.679688,14509.55957,14118.200195,14185.639648,1,Buy,0.0,0.0,5615.808591999996
533,2022-02-11,14213.620117,14246.700195,13733.160156,13791.150391,0,Holding,0.0,0.0,5615.808591999996
534,2022-02-14,13768.969727,13921.709961,13664.759766,13790.919922,1,Holding,0.0,0.0,5615.808591999996
535,2022-02-15,13997.179688,14142.490234,13976.290039,14139.759766,1,Holding,0.0,0.0,5615.808591999996
536,2022-02-16,14038.919922,14163.730469,13931.990234,14124.089844,0,Holding,0.0,0.0,5615.808591999996
537,2022-02-17,14004.19043,14020.820313,13704.700195,13716.719727,0,sell,-450.2392570000011,-3.1739087427296893,5165.569334999995
538,2022-02-18,13735.400391,13762.400391,13465.55957,13548.070313,1,Buy,0.0,0.0,5165.569334999995
539,2022-02-22,13424.360352,13618.719727,13249.650391,13381.519531,0,Holding,0.0,0.0,5165.569334999995
540,2022-02-23,13511.75,13533.780273,13032.169922,13037.490234,0,sell,-960.1904300000006,-7.087285552973942,4205.378904999994
541,2022-02-24,12587.879883,13486.110352,12587.879883,13473.589844,1,Buy,0.0,0.0,4205.378904999994
542,2022-02-25,13485.259766,13696.860352,13358.290039,13694.620117,0,Holding,0.0,0.0,4205.378904999994
543,2022-02-28,13570.830078,13810.639648,13549.900391,13751.400391,1,Holding,0.0,0.0,4205.378904999994
544,2022-03-01,13716.700195,13777.040039,13441.320313,13532.459961,1,Holding,0.0,0.0,4205.378904999994
545,2022-03-02,13597.530273,13796.549805,13493.910156,13752.019531,1,Holding,0.0,0.0,4205.378904999994
546,2022-03-03,13837.589844,13837.589844,13472.639648,13537.94043,1,Holding,0.0,0.0,4205.378904999994
547,2022-03-04,13455.230469,13486.709961,13224.980469,13313.44043,1,Holding,0.0,0.0,4205.378904999994
548,2022-03-07,13328.360352,13353.280273,12828.019531,12830.959961,1,Holding,0.0,0.0,4205.378904999994
549,2022-03-08,12800.040039,13159.44043,12670.080078,12795.549805,0,Holding,0.0,0.0,4205.378904999994
550,2022-03-09,13113.700195,13301.160156,13039.790039,13255.549805,1,Holding,0.0,0.0,4205.378904999994
551,2022-03-10,13098.349609,13163.5,12946.280273,13129.959961,0,Holding,0.0,0.0,4205.378904999994
552,2022-03-11,13229.769531,13239.349609,12830.370117,12843.80957,1,Holding,0.0,0.0,4205.378904999994
553,2022-03-14,12795.120117,12918.009766,12555.349609,12581.219727,0,Holding,0.0,0.0,4205.378904999994
554,2022-03-15,12685.230469,12973.879883,12616.589844,12948.620117,1,Holding,0.0,0.0,4205.378904999994
555,2022-03-16,13119.370117,13440.120117,12992.200195,13436.549805,0,Holding,0.0,0.0,4205.378904999994
556,2022-03-17,13360.719727,13620.799805,13317.139648,13614.780273,1,Holding,0.0,0.0,4205.378904999994
557,2022-03-18,13564.629883,13899.280273,13528.05957,13893.839844,1,Holding,0.0,0.0,4205.378904999994
558,2022-03-21,13860.389648,13945.80957,13682.549805,13838.459961,1,Holding,0.0,0.0,4205.378904999994
559,2022-03-22,13866.429688,14141.070313,13857.290039,14108.820313,1,Holding,0.0,0.0,4205.378904999994
560,2022-03-23,13990.349609,14152.139648,13921.650391,13922.599609,0,Holding,0.0,0.0,4205.378904999994
561,2022-03-24,14001.320313,14193.549805,13897.200195,14191.839844,0,sell,721.1298829999996,5.35217333575825,4926.508787999994
562,2022-03-25,14194.719727,14218.759766,14010.790039,14169.299805,1,Buy,0.0,0.0,4926.508787999994
563,2022-03-28,14177.209961,14356.0,14101.339844,14354.900391,0,Holding,0.0,0.0,4926.508787999994
564,2022-03-29,14500.389648,14646.900391,14419.400391,14619.639648,1,Holding,0.0,0.0,4926.508787999994
565,2022-03-30,14558.589844,14609.25,14383.450195,14442.269531,0,Holding,0.0,0.0,4926.508787999994
566,2022-03-31,14444.780273,14456.740234,14217.719727,14220.519531,0,sell,100.23046799999975,0.7073777065866788,5026.7392559999935
567,2022-04-01,14269.530273,14306.94043,14131.80957,14261.5,0,No action,0.0,0.0,5026.7392559999935
568,2022-04-04,14304.349609,14534.379883,14286.450195,14532.549805,0,No action,0.0,0.0,5026.7392559999935
569,2022-04-05,14490.259766,14500.290039,14169.120117,14204.169922,0,No action,0.0,0.0,5026.7392559999935
570,2022-04-06,14002.580078,14032.839844,13788.900391,13888.820313,1,Buy,0.0,0.0,5026.7392559999935
571,2022-04-07,13861.490234,13978.25,13689.230469,13897.299805,1,Holding,0.0,0.0,5026.7392559999935
572,2022-04-08,13830.469727,13866.05957,13693.69043,13711.0,1,Holding,0.0,0.0,5026.7392559999935
573,2022-04-11,13547.290039,13585.080078,13401.389648,13411.959961,1,Holding,0.0,0.0,5026.7392559999935
574,2022-04-12,13584.69043,13685.950195,13317.740234,13371.570313,1,Holding,0.0,0.0,5026.7392559999935
575,2022-04-13,13373.120117,13679.429688,13353.660156,13643.589844,1,Holding,0.0,0.0,5026.7392559999935
576,2022-04-14,13647.429688,13662.929688,13345.219727,13351.080078,1,Holding,0.0,0.0,5026.7392559999935
577,2022-04-18,13319.389648,13414.269531,13222.030273,13332.360352,1,Holding,0.0,0.0,5026.7392559999935
578,2022-04-19,13312.44043,13643.969727,13281.219727,13619.660156,1,Holding,0.0,0.0,5026.7392559999935
579,2022-04-20,13665.379883,13678.549805,13426.129883,13453.070313,1,Holding,0.0,0.0,5026.7392559999935
580,2022-04-21,13623.700195,13710.700195,13140.830078,13174.650391,1,Holding,0.0,0.0,5026.7392559999935
581,2022-04-22,13168.799805,13212.599609,12828.019531,12839.290039,1,Holding,0.0,0.0,5026.7392559999935
582,2022-04-25,12749.169922,13011.450195,12722.589844,13004.849609,1,Holding,0.0,0.0,5026.7392559999935
583,2022-04-26,12918.040039,12918.040039,12490.740234,12490.740234,1,Holding,0.0,0.0,5026.7392559999935
584,2022-04-27,12500.879883,12703.790039,12430.900391,12488.929688,1,Holding,0.0,0.0,5026.7392559999935
585,2022-04-28,12712.860352,12948.519531,12487.860352,12871.530273,0,Holding,0.0,0.0,5026.7392559999935
586,2022-04-29,12710.419922,12861.830078,12315.740234,12334.639648,1,Holding,0.0,0.0,5026.7392559999935
587,2022-05-02,12331.69043,12542.540039,12202.410156,12536.019531,0,Holding,0.0,0.0,5026.7392559999935
588,2022-05-03,12511.459961,12645.830078,12460.990234,12563.759766,1,Holding,0.0,0.0,5026.7392559999935
589,2022-05-04,12574.730469,12985.009766,12367.019531,12964.860352,0,Holding,0.0,0.0,5026.7392559999935
590,2022-05-05,12787.519531,12787.519531,12183.55957,12317.69043,0,sell,-1641.9902349999993,-11.822388064615458,3384.749020999994
591,2022-05-06,12246.830078,12358.419922,11990.150391,12144.660156,0,No action,0.0,0.0,3384.749020999994
592,2022-05-09,11923.030273,11990.610352,11574.94043,11623.25,0,No action,0.0,0.0,3384.749020999994
593,2022-05-10,11900.339844,11944.94043,11566.280273,11737.669922,1,Buy,0.0,0.0,3384.749020999994
594,2022-05-11,11645.570313,11844.509766,11339.179688,11364.240234,1,Holding,0.0,0.0,3384.749020999994
595,2022-05-12,11199.25,11547.330078,11108.759766,11370.959961,1,Holding,0.0,0.0,3384.749020999994
596,2022-05-13,11555.969727,11856.709961,11510.259766,11805.0,0,Holding,0.0,0.0,3384.749020999994
597,2022-05-16,11727.139648,11804.589844,11627.530273,11662.790039,1,Holding,0.0,0.0,3384.749020999994
598,2022-05-17,11905.570313,11988.429688,11754.280273,11984.519531,1,Holding,0.0,0.0,3384.749020999994
599,2022-05-18,11790.679688,11826.219727,11381.69043,11418.150391,1,Holding,0.0,0.0,3384.749020999994
600,2022-05-19,11364.400391,11562.820313,11313.30957,11388.5,0,Holding,0.0,0.0,3384.749020999994
601,2022-05-20,11542.669922,11552.209961,11035.69043,11354.620117,0,sell,-341.3896489999988,-2.9084959047973378,3043.3593719999953
602,2022-05-23,11396.280273,11552.070313,11304.55957,11535.269531,1,Buy,0.0,0.0,3043.3593719999953
603,2022-05-24,11326.44043,11351.610352,11092.480469,11264.450195,0,Holding,0.0,0.0,3043.3593719999953
604,2022-05-25,11225.030273,11511.900391,11211.849609,11434.740234,1,Holding,0.0,0.0,3043.3593719999953
605,2022-05-26,11409.839844,11796.969727,11406.160156,11740.650391,0,Holding,0.0,0.0,3043.3593719999953
606,2022-05-27,11869.69043,12131.660156,11856.820313,12131.129883,1,Holding,0.0,0.0,3043.3593719999953
607,2022-05-31,12137.540039,12190.080078,11942.5,12081.389648,1,Holding,0.0,0.0,3043.3593719999953
608,2022-06-01,12176.889648,12237.94043,11901.429688,11994.459961,0,Holding,0.0,0.0,3043.3593719999953
609,2022-06-02,11945.570313,12320.120117,11901.450195,12316.900391,0,sell,561.8505860000005,4.8707191842381965,3605.209957999996
610,2022-06-03,12097.120117,12167.44043,11966.620117,12012.730469,0,No action,0.0,0.0,3605.209957999996
611,2022-06-06,12200.330078,12245.400391,12004.200195,12061.370117,1,Buy,0.0,0.0,3605.209957999996
612,2022-06-07,11925.80957,12194.860352,11888.610352,12175.230469,1,Holding,0.0,0.0,3605.209957999996
613,2022-06-08,12147.280273,12235.780273,12052.700195,12086.269531,1,Holding,0.0,0.0,3605.209957999996
614,2022-06-09,12016.469727,12115.05957,11751.980469,11754.230469,1,Holding,0.0,0.0,3605.209957999996
615,2022-06-10,11543.879883,11569.150391,11328.269531,11340.019531,1,Holding,0.0,0.0,3605.209957999996
616,2022-06-13,10986.849609,11071.480469,10775.139648,10809.230469,1,Holding,0.0,0.0,3605.209957999996
617,2022-06-14,10897.429688,10926.80957,10733.040039,10828.349609,1,Holding,0.0,0.0,3605.209957999996
618,2022-06-15,10968.400391,11244.259766,10866.389648,11099.150391,1,Holding,0.0,0.0,3605.209957999996
619,2022-06-16,10806.019531,10831.070313,10565.139648,10646.099609,0,Holding,0.0,0.0,3605.209957999996
620,2022-06-17,10697.549805,10884.709961,10638.719727,10798.349609,1,Holding,0.0,0.0,3605.209957999996
621,2022-06-21,10974.049805,11164.990234,10974.049805,11069.299805,0,Holding,0.0,0.0,3605.209957999996
622,2022-06-22,10941.950195,11216.769531,10938.05957,11053.080078,0,sell,-923.6904290000002,-7.65825457671759,2681.5195289999956
623,2022-06-23,11137.679688,11260.269531,11046.280273,11232.19043,0,No action,0.0,0.0,2681.5195289999956
624,2022-06-24,11351.30957,11613.230469,11337.780273,11607.620117,1,Buy,0.0,0.0,2681.5195289999956
625,2022-06-27,11661.019531,11677.490234,11487.070313,11524.549805,0,Holding,0.0,0.0,2681.5195289999956
626,2022-06-28,11542.240234,11635.849609,11177.679688,11181.540039,1,Holding,0.0,0.0,2681.5195289999956
627,2022-06-29,11160.219727,11226.330078,11072.19043,11177.889648,0,Holding,0.0,0.0,2681.5195289999956
628,2022-06-30,11048.25,11160.919922,10850.009766,11028.740234,1,Holding,0.0,0.0,2681.5195289999956
629,2022-07-01,11006.830078,11132.549805,10922.709961,11127.849609,1,Holding,0.0,0.0,2681.5195289999956
630,2022-07-05,10964.179688,11323.889648,10911.450195,11322.240234,0,Holding,0.0,0.0,2681.5195289999956
631,2022-07-06,11337.900391,11443.150391,11250.320313,11361.849609,1,Holding,0.0,0.0,2681.5195289999956
632,2022-07-07,11422.599609,11644.469727,11412.879883,11621.349609,1,Holding,0.0,0.0,2681.5195289999956
633,2022-07-08,11503.610352,11689.700195,11479.769531,11635.30957,1,Holding,0.0,0.0,2681.5195289999956
634,2022-07-11,11524.490234,11541.099609,11348.05957,11372.599609,1,Holding,0.0,0.0,2681.5195289999956
635,2022-07-12,11420.889648,11483.169922,11207.080078,11264.730469,1,Holding,0.0,0.0,2681.5195289999956
636,2022-07-13,11056.549805,11325.669922,11031.269531,11247.580078,1,Holding,0.0,0.0,2681.5195289999956
637,2022-07-14,11151.209961,11279.969727,11005.929688,11251.19043,0,Holding,0.0,0.0,2681.5195289999956
638,2022-07-15,11379.360352,11454.69043,11295.330078,11452.419922,1,Holding,0.0,0.0,2681.5195289999956
639,2022-07-18,11561.639648,11629.030273,11322.839844,11360.049805,1,Holding,0.0,0.0,2681.5195289999956
640,2022-07-19,11515.0,11721.219727,11448.969727,11713.150391,1,Holding,0.0,0.0,2681.5195289999956
641,2022-07-20,11726.089844,11939.959961,11703.360352,11897.650391,1,Holding,0.0,0.0,2681.5195289999956
642,2022-07-21,11914.150391,12060.589844,11812.719727,12059.610352,1,Holding,0.0,0.0,2681.5195289999956
643,2022-07-22,12025.370117,12093.019531,11767.19043,11834.110352,1,Holding,0.0,0.0,2681.5195289999956
644,2022-07-25,11837.959961,11855.110352,11707.530273,11782.669922,1,Holding,0.0,0.0,2681.5195289999956
645,2022-07-26,11701.530273,11711.30957,11533.370117,11562.570313,1,Holding,0.0,0.0,2681.5195289999956
646,2022-07-27,11756.19043,12081.730469,11718.379883,12032.419922,1,Holding,0.0,0.0,2681.5195289999956
647,2022-07-28,12036.480469,12179.089844,11886.669922,12162.589844,1,Holding,0.0,0.0,2681.5195289999956
648,2022-07-29,12239.69043,12426.259766,12181.129883,12390.69043,1,Holding,0.0,0.0,2681.5195289999956
649,2022-08-01,12317.959961,12499.719727,12271.980469,12368.980469,1,Holding,0.0,0.0,2681.5195289999956
650,2022-08-02,12287.669922,12503.339844,12260.480469,12348.759766,0,Holding,0.0,0.0,2681.5195289999956
651,2022-08-03,12433.870117,12699.639648,12425.209961,12668.160156,1,Holding,0.0,0.0,2681.5195289999956
652,2022-08-04,12675.040039,12736.19043,12600.780273,12720.580078,1,Holding,0.0,0.0,2681.5195289999956
653,2022-08-05,12538.799805,12720.44043,12525.769531,12657.549805,1,Holding,0.0,0.0,2681.5195289999956
654,2022-08-08,12703.719727,12855.150391,12597.75,12644.459961,1,Holding,0.0,0.0,2681.5195289999956
655,2022-08-09,12557.490234,12582.910156,12438.860352,12493.929688,1,Holding,0.0,0.0,2681.5195289999956
656,2022-08-10,12793.44043,12861.44043,12698.610352,12854.799805,1,Holding,0.0,0.0,2681.5195289999956
657,2022-08-11,12944.820313,13026.240234,12760.089844,12779.910156,1,Holding,0.0,0.0,2681.5195289999956
658,2022-08-12,12866.30957,13047.19043,12821.219727,13047.19043,1,Holding,0.0,0.0,2681.5195289999956
659,2022-08-15,12996.629883,13146.05957,12993.780273,13128.049805,0,Holding,0.0,0.0,2681.5195289999956
660,2022-08-16,13082.639648,13181.089844,12979.240234,13102.549805,1,Holding,0.0,0.0,2681.5195289999956
661,2022-08-17,12968.629883,13053.509766,12863.009766,12938.120117,0,Holding,0.0,0.0,2681.5195289999956
662,2022-08-18,12937.790039,13002.660156,12873.490234,12965.339844,1,Holding,0.0,0.0,2681.5195289999956
663,2022-08-19,12832.269531,12859.009766,12674.870117,12705.219727,1,Holding,0.0,0.0,2681.5195289999956
664,2022-08-22,12523.160156,12538.549805,12353.730469,12381.570313,1,Holding,0.0,0.0,2681.5195289999956
665,2022-08-23,12380.370117,12490.849609,12352.030273,12381.299805,1,Holding,0.0,0.0,2681.5195289999956
666,2022-08-24,12375.150391,12504.330078,12350.160156,12431.530273,1,Holding,0.0,0.0,2681.5195289999956
667,2022-08-25,12506.370117,12641.259766,12471.980469,12639.269531,1,Holding,0.0,0.0,2681.5195289999956
668,2022-08-26,12630.580078,12655.839844,12141.519531,12141.709961,1,Holding,0.0,0.0,2681.5195289999956
669,2022-08-29,12021.049805,12124.870117,11981.419922,12017.669922,1,Holding,0.0,0.0,2681.5195289999956
670,2022-08-30,12093.05957,12101.849609,11790.019531,11883.139648,1,Holding,0.0,0.0,2681.5195289999956
671,2022-08-31,11972.55957,12027.429688,11814.169922,11816.200195,1,Holding,0.0,0.0,2681.5195289999956
672,2022-09-01,11707.44043,11798.370117,11546.519531,11785.129883,1,Holding,0.0,0.0,2681.5195289999956
673,2022-09-02,11899.139648,11945.910156,11573.509766,11630.860352,0,Holding,0.0,0.0,2681.5195289999956
674,2022-09-06,11643.030273,11679.429688,11471.5,11544.910156,0,sell,-48.24023400000078,-0.4155910816666915,2633.279294999995
675,2022-09-07,11559.379883,11819.070313,11555.080078,11791.900391,1,Buy,0.0,0.0,2633.279294999995
676,2022-09-08,11679.860352,11896.730469,11660.530273,11862.129883,1,Holding,0.0,0.0,2633.279294999995
677,2022-09-09,11958.610352,12132.669922,11958.610352,12112.30957,1,Holding,0.0,0.0,2633.279294999995
678,2022-09-12,12174.94043,12270.19043,12169.280273,12266.410156,1,Holding,0.0,0.0,2633.279294999995
679,2022-09-13,11908.80957,11957.969727,11604.429688,11633.570313,1,Holding,0.0,0.0,2633.279294999995
680,2022-09-14,11680.410156,11746.830078,11602.759766,11719.679688,1,Holding,0.0,0.0,2633.279294999995
681,2022-09-15,11633.240234,11760.730469,11497.110352,11552.360352,0,Holding,0.0,0.0,2633.279294999995
682,2022-09-16,11401.209961,11460.429688,11316.919922,11448.400391,1,Holding,0.0,0.0,2633.279294999995
683,2022-09-19,11338.570313,11538.129883,11337.830078,11535.019531,1,Holding,0.0,0.0,2633.279294999995
684,2022-09-20,11440.139648,11520.990234,11343.719727,11425.049805,1,Holding,0.0,0.0,2633.279294999995
685,2022-09-21,11466.209961,11613.570313,11218.990234,11220.19043,1,Holding,0.0,0.0,2633.279294999995
686,2022-09-22,11167.379883,11203.769531,11024.639648,11066.80957,1,Holding,0.0,0.0,2633.279294999995
687,2022-09-23,10952.69043,10958.290039,10732.719727,10867.929688,1,Holding,0.0,0.0,2633.279294999995
688,2022-09-26,10833.379883,11024.0,10789.049805,10802.919922,1,Holding,0.0,0.0,2633.279294999995
689,2022-09-27,10955.290039,11040.980469,10741.019531,10829.5,0,Holding,0.0,0.0,2633.279294999995
690,2022-09-28,10817.519531,11101.5,10776.339844,11051.639648,0,sell,-897.4599609999987,-7.610817012031175,1735.8193339999962
691,2022-09-29,10894.44043,10899.469727,10623.219727,10737.509766,0,No action,0.0,0.0,1735.8193339999962
692,2022-09-30,10697.709961,10883.040039,10572.330078,10575.620117,0,No action,0.0,0.0,1735.8193339999962
693,2022-10-03,10659.009766,10875.459961,10577.889648,10815.429688,0,No action,0.0,0.0,1735.8193339999962
694,2022-10-04,11054.719727,11189.959961,11044.040039,11176.410156,1,Buy,0.0,0.0,1735.8193339999962
695,2022-10-05,11022.669922,11210.320313,10910.759766,11148.639648,1,Holding,0.0,0.0,1735.8193339999962
696,2022-10-06,11129.040039,11230.44043,11051.269531,11073.30957,1,Holding,0.0,0.0,1735.8193339999962
697,2022-10-07,10877.280273,10891.929688,10608.519531,10652.400391,1,Holding,0.0,0.0,1735.8193339999962
698,2022-10-10,10659.950195,10669.929688,10449.040039,10542.099609,0,Holding,0.0,0.0,1735.8193339999962
699,2022-10-11,10484.370117,10608.839844,10351.980469,10426.19043,1,Holding,0.0,0.0,1735.8193339999962
700,2022-10-12,10437.0,10494.530273,10372.209961,10417.099609,1,Holding,0.0,0.0,1735.8193339999962
701,2022-10-13,10131.820313,10697.709961,10088.830078,10649.150391,0,Holding,0.0,0.0,1735.8193339999962
702,2022-10-14,10742.80957,10766.69043,10308.80957,10321.389648,1,Holding,0.0,0.0,1735.8193339999962
703,2022-10-17,10575.650391,10696.589844,10569.69043,10675.799805,1,Holding,0.0,0.0,1735.8193339999962
704,2022-10-18,10963.990234,10972.969727,10670.120117,10772.400391,1,Holding,0.0,0.0,1735.8193339999962
705,2022-10-19,10689.30957,10808.040039,10592.879883,10680.509766,0,Holding,0.0,0.0,1735.8193339999962
706,2022-10-20,10657.410156,10837.299805,10574.549805,10614.839844,0,sell,-600.3701170000004,-5.371761671413738,1135.4492169999958
707,2022-10-21,10576.040039,10875.719727,10542.429688,10859.719727,1,Buy,0.0,0.0,1135.4492169999958
708,2022-10-24,10867.070313,10983.519531,10713.330078,10952.610352,1,Holding,0.0,0.0,1135.4492169999958
709,2022-10-25,10996.969727,11210.379883,10996.969727,11199.120117,1,Holding,0.0,0.0,1135.4492169999958
710,2022-10-26,10969.019531,11205.839844,10948.379883,10970.990234,1,Holding,0.0,0.0,1135.4492169999958
711,2022-10-27,10971.950195,10998.730469,10780.5,10792.669922,0,Holding,0.0,0.0,1135.4492169999958
712,2022-10-28,10766.200195,11117.040039,10766.200195,11102.450195,1,Holding,0.0,0.0,1135.4492169999958
713,2022-10-31,11028.429688,11047.94043,10914.009766,10988.150391,0,Holding,0.0,0.0,1135.4492169999958
714,2022-11-01,11154.740234,11156.349609,10881.19043,10890.849609,1,Holding,0.0,0.0,1135.4492169999958
715,2022-11-02,10885.009766,10993.240234,10522.900391,10524.799805,0,Holding,0.0,0.0,1135.4492169999958
716,2022-11-03,10399.450195,10486.009766,10319.540039,10342.94043,0,sell,-311.5800789999994,-2.869135547074321,823.8691379999964
717,2022-11-04,10548.139648,10553.629883,10262.929688,10475.25,0,No action,0.0,0.0,823.8691379999964
718,2022-11-07,10516.94043,10587.959961,10428.910156,10564.519531,0,No action,0.0,0.0,823.8691379999964
719,2022-11-08,10611.530273,10745.639648,10472.730469,10616.200195,1,Buy,0.0,0.0,823.8691379999964
720,2022-11-09,10528.450195,10564.969727,10344.009766,10353.169922,1,Holding,0.0,0.0,823.8691379999964
721,2022-11-10,10869.169922,11119.120117,10779.950195,11114.150391,1,Holding,0.0,0.0,823.8691379999964
722,2022-11-11,11124.75,11352.429688,11069.830078,11323.330078,1,Holding,0.0,0.0,823.8691379999964
723,2022-11-14,11233.900391,11350.120117,11167.169922,11196.219727,1,Holding,0.0,0.0,823.8691379999964
724,2022-11-15,11474.820313,11492.620117,11241.150391,11358.410156,1,Holding,0.0,0.0,823.8691379999964
725,2022-11-16,11260.099609,11286.099609,11162.919922,11183.660156,1,Holding,0.0,0.0,823.8691379999964
726,2022-11-17,11008.669922,11198.839844,11006.209961,11144.959961,0,Holding,0.0,0.0,823.8691379999964
727,2022-11-18,11257.009766,11259.44043,11059.160156,11146.05957,1,Holding,0.0,0.0,823.8691379999964
728,2022-11-21,11091.009766,11128.780273,10999.75,11024.509766,0,Holding,0.0,0.0,823.8691379999964
729,2022-11-22,11058.55957,11179.870117,10975.660156,11174.410156,0,sell,558.4101570000003,5.2599814127751605,1382.2792949999966
730,2022-11-23,11174.610352,11310.820313,11174.610352,11285.320313,1,Buy,0.0,0.0,1382.2792949999966
731,2022-11-25,11231.0,11261.570313,11206.379883,11226.360352,1,Holding,0.0,0.0,1382.2792949999966
732,2022-11-28,11147.570313,11217.75,11020.69043,11049.5,1,Holding,0.0,0.0,1382.2792949999966
733,2022-11-29,11060.019531,11086.019531,10944.370117,10983.780273,1,Holding,0.0,0.0,1382.2792949999966
734,2022-11-30,10995.200195,11468.469727,10966.530273,11468.0,1,Holding,0.0,0.0,1382.2792949999966
735,2022-12-01,11475.169922,11546.769531,11378.75,11482.450195,1,Holding,0.0,0.0,1382.2792949999966
736,2022-12-02,11308.379883,11492.320313,11296.719727,11461.5,1,Holding,0.0,0.0,1382.2792949999966
737,2022-12-05,11380.990234,11425.509766,11193.019531,11239.94043,0,Holding,0.0,0.0,1382.2792949999966
738,2022-12-06,11228.419922,11241.419922,10956.200195,11014.889648,1,Holding,0.0,0.0,1382.2792949999966
739,2022-12-07,10963.950195,11039.80957,10910.620117,10958.549805,1,Holding,0.0,0.0,1382.2792949999966
740,2022-12-08,11011.330078,11119.160156,10939.469727,11082.0,0,Holding,0.0,0.0,1382.2792949999966
741,2022-12-09,11038.169922,11138.700195,10999.259766,11004.620117,1,Holding,0.0,0.0,1382.2792949999966
742,2022-12-12,11015.480469,11144.669922,10984.820313,11143.740234,0,Holding,0.0,0.0,1382.2792949999966
743,2022-12-13,11542.839844,11571.639648,11160.540039,11256.80957,1,Holding,0.0,0.0,1382.2792949999966
744,2022-12-14,11248.089844,11352.089844,11065.240234,11170.889648,1,Holding,0.0,0.0,1382.2792949999966
745,2022-12-15,11012.620117,11029.570313,10775.610352,10810.530273,1,Holding,0.0,0.0,1382.2792949999966
746,2022-12-16,10767.629883,10833.240234,10642.099609,10705.410156,1,Holding,0.0,0.0,1382.2792949999966
747,2022-12-19,10707.44043,10713.969727,10497.549805,10546.030273,1,Holding,0.0,0.0,1382.2792949999966
748,2022-12-20,10490.889648,10609.459961,10446.820313,10547.110352,1,Holding,0.0,0.0,1382.2792949999966
749,2022-12-21,10592.0,10753.570313,10569.200195,10709.370117,1,Holding,0.0,0.0,1382.2792949999966
750,2022-12-22,10586.459961,10599.339844,10313.320313,10476.120117,1,Holding,0.0,0.0,1382.2792949999966
751,2022-12-23,10437.75,10514.759766,10361.820313,10497.860352,1,Holding,0.0,0.0,1382.2792949999966
752,2022-12-27,10462.19043,10472.320313,10340.730469,10353.230469,1,Holding,0.0,0.0,1382.2792949999966
753,2022-12-28,10339.200195,10414.820313,10207.469727,10213.290039,1,Holding,0.0,0.0,1382.2792949999966
754,2022-12-29,10321.459961,10502.080078,10301.05957,10478.089844,1,Holding,0.0,0.0,1382.2792949999966
755,2022-12-30,10368.370117,10468.30957,10324.700195,10466.480469,1,sell,-818.8398440000001,-7.255796213925329,563.4394509999966
